﻿Location name,Amount spent (USD)
Alabama,75981
Alaska,18081
American Samoa,≤100
Arizona,190941
Arkansas,47870
California,835024
Colorado,148663
Connecticut,84548
Delaware,26145
Florida,449628
Georgia,218847
Guam,≤100
Hawaii,22022
Idaho,31850
Illinois,228700
Indiana,111052
Iowa,62519
Kansas,54187
Kentucky,72323
Louisiana,120123
Maine,57076
Maryland,180720
Massachusetts,115706
Michigan,240576
Minnesota,122836
Mississippi,55678
Missouri,96975
Montana,63644
Nebraska,30607
Nevada,120238
New Hampshire,40183
New Jersey,231654
New Mexico,40168
New York,467223
North Carolina,232922
North Dakota,13788
Northern Mariana Islands,≤100
Ohio,254456
Oklahoma,77856
Oregon,90851
Pennsylvania,350829
Puerto Rico,230
Rhode Island,27235
South Carolina,107922
South Dakota,14268
Tennessee,128772
Texas,729238
Unknown,821
Utah,56439
Vermont,10745
Virgin Islands (U.S.),≤100
Virginia,255641
Washington,140926
"Washington, District of Columbia",73351
West Virginia,59557
Wisconsin,169356
Wyoming,10465