﻿Location name,Amount spent (USD)
Alabama,32703327
Alaska,12246986
American Samoa,14615
Arizona,130666456
Arkansas,21249664
California,372379723
Colorado,70404268
Connecticut,27282034
Delaware,9092835
Florida,248861524
Georgia,139708026
Guam,454108
Hawaii,9474246
Idaho,13546301
Illinois,116437385
Indiana,45480733
Iowa,43637959
Kansas,24009082
Kentucky,38767372
Louisiana,35224659
Maine,27838992
Maryland,50931685
Massachusetts,54783363
Michigan,147391097
Minnesota,61700499
Mississippi,19547769
Missouri,45957375
Montana,17776325
Nebraska,14347947
Nevada,49262637
New Hampshire,22801696
New Jersey,75704973
New Mexico,21110832
New York,187296452
North Carolina,130533821
North Dakota,4855096
Northern Mariana Islands,11969
Ohio,103080471
Oklahoma,28982838
Oregon,43629633
Pennsylvania,179066987
Puerto Rico,1789537
Rhode Island,7934416
South Carolina,45618908
South Dakota,6390405
Tennessee,46533801
Texas,242303049
Unknown,522976776
Utah,23340605
Vermont,6281454
Virgin Islands (U.S.),59499
Virginia,88048612
Washington,61900577
"Washington, District of Columbia",17661268
West Virginia,18959337
Wisconsin,90692638
Wyoming,5236299