﻿Page ID,Page name,Disclaimer,Amount spent (USD)
200480966638039,Supremacy 1914,These ads ran without a disclaimer,121
333199340043595,Senator Alma Francis Heyliger,Alma Francis Heyliger,≤100
121473466911,AARP Virgin Islands,AARP,≤100
108625789179165,Soi Dog Foundation,These ads ran without a disclaimer,≤100
104812612549309,Norman A. Osbourne,These ads ran without a disclaimer,≤100
105485594189105,"USVI Dept.of Justice, Office of the Attorney General",Sandra Maria Goomansingh,≤100
109474688538128,Committee To Elect Devin Carrington,These ads ran without a disclaimer,≤100
122585304923,Rural Advancement Foundation International-USA,These ads ran without a disclaimer,≤100
1553454814909830,Krush Bar & Night Club,These ads ran without a disclaimer,≤100
100374392742057,Weregreenly- Magazine,These ads ran without a disclaimer,≤100
150720154976207,Protect My Public Media,"APTS Action, Inc.",≤100
109211515409715,Cog-Pkg Media,These ads ran without a disclaimer,≤100
253772961315048,Mercury Mosaics,These ads ran without a disclaimer,≤100
19746387261,Humane Society International,These ads ran without a disclaimer,≤100
219876798038770,Island Fashionista Boutique,These ads ran without a disclaimer,≤100
114026923653559,Troy Williams,These ads ran without a disclaimer,≤100
107218785653155,"World Water Day with Ocean Systems Laboratory, Inc.",These ads ran without a disclaimer,≤100
105962808801596,IZZY - Stream Israel,These ads ran without a disclaimer,≤100
100738672408911,Magic Lock,These ads ran without a disclaimer,≤100
115643645121323,Deuter,These ads ran without a disclaimer,≤100
104099512361482,Funnies Now - Magazine,These ads ran without a disclaimer,≤100
108258998739587,I Did not know,These ads ran without a disclaimer,≤100
100913549609447,Balanced Bites,These ads ran without a disclaimer,≤100
111132794348779,That Happened,These ads ran without a disclaimer,≤100
110993941170214,ChidoBook,These ads ran without a disclaimer,≤100
1102199946478493,Spotlight,These ads ran without a disclaimer,≤100
105388502159590,Tiron Reading,These ads ran without a disclaimer,≤100
111014438406253,Trendyspread shop1,These ads ran without a disclaimer,≤100
101849728551147,Fun Break Central,These ads ran without a disclaimer,≤100
353662631509169,Big Bad Morning Show,These ads ran without a disclaimer,≤100
108610275182265,Bir Reading,These ads ran without a disclaimer,≤100
116934494636757,Nifty News,These ads ran without a disclaimer,≤100
100168528978115,It's Time to Chill,These ads ran without a disclaimer,≤100
1359136157453700,Bere Ramos,These ads ran without a disclaimer,≤100
103045249292781,Funnies Now - Magazine Page 3,These ads ran without a disclaimer,≤100
109618608579864,All beautiful things,These ads ran without a disclaimer,≤100
104444729065513,Victoria Segovia,These ads ran without a disclaimer,≤100
108091988358295,Travels All Abroad,These ads ran without a disclaimer,≤100
153371894688575,World Bank,These ads ran without a disclaimer,≤100
102838882271105,NovelReader,These ads ran without a disclaimer,≤100
1656590977890066,IDEO U,These ads ran without a disclaimer,≤100
106315034979313,The Travel Life,These ads ran without a disclaimer,≤100
105094985679501,On the Books,These ads ran without a disclaimer,≤100
290980968206977,GameDay News,These ads ran without a disclaimer,≤100
112077024899370,Comics Stadium,These ads ran without a disclaimer,≤100
116355337718182,Moli lulu,These ads ran without a disclaimer,≤100
100490729492964,Sebastian Bello,These ads ran without a disclaimer,≤100
105336055090792,Luisa Chimá,These ads ran without a disclaimer,≤100
110248534774812,Lock Magic,These ads ran without a disclaimer,≤100
108132745079987,A to Z Reading,These ads ran without a disclaimer,≤100
158714780827513,UNFPA,These ads ran without a disclaimer,≤100
109371345205088,Fun Magazine Pro,These ads ran without a disclaimer,≤100
107647258831836,Weregreenly- Magazine Page 3,These ads ran without a disclaimer,≤100
151724258198295,Dan Newlin,Dan Newlin Injury Attorneys,≤100
109236381703717,Bino Stories,These ads ran without a disclaimer,≤100
100982652385000,Home Read,These ads ran without a disclaimer,≤100
315543515306,Jing Daily,These ads ran without a disclaimer,≤100
100615251929173,Food Is In The House Rhythm,These ads ran without a disclaimer,≤100
669307523469574,EveryJew,These ads ran without a disclaimer,≤100
102984361463961,Igrow Academy,These ads ran without a disclaimer,≤100
108890434952827,Rocket Content,These ads ran without a disclaimer,≤100
830289696991749,THE FACTS NOW,Florida Department of Health Bureau of Tobacco Free Florida,≤100
257045211013828,San Antonio Spurs Pro,These ads ran without a disclaimer,≤100
102075811887387,Chocolate.com - Images,These ads ran without a disclaimer,≤100
102257292713372,Alejandra Morales,These ads ran without a disclaimer,≤100
100689636310150,Waokeem-EU,These ads ran without a disclaimer,≤100
266602360083204,The Children's Trust,"CHILDREN'S TRUST, INC",≤100
170042611753,American University of Antigua,These ads ran without a disclaimer,≤100
175590267993,Al Majalla,These ads ran without a disclaimer,≤100
103092238774307,Sobe Ad Agency,These ads ran without a disclaimer,≤100
102582072617001,Yey Story,These ads ran without a disclaimer,≤100
104593458269168,Your Daily Fun Break,These ads ran without a disclaimer,≤100
103119027899256,Caribbean Climate-Smart Accelerator,These ads ran without a disclaimer,≤100
108148958352704,Travelers Spot,These ads ran without a disclaimer,≤100
100108202817818,Bettermanly - The R Page,These ads ran without a disclaimer,≤100
106971735403718,988 New Mexico,New Mexico Human Services Department Behavioral Health Services Division,≤100
110818941452003,Morehackz Stories,These ads ran without a disclaimer,≤100
100768036281308,Right Our Story,Right Our Story,≤100
101469249233542,Lemon Reading,These ads ran without a disclaimer,≤100
104571188687767,Chill Read,These ads ran without a disclaimer,≤100
9012050691,Scribol,These ads ran without a disclaimer,≤100
100566902060431,Me Time - Home,These ads ran without a disclaimer,≤100
425468610983737,Culture Creators,These ads ran without a disclaimer,≤100
106701185163801,Your Hacks Spot,These ads ran without a disclaimer,≤100
311805162906672,Mench Tech,These ads ran without a disclaimer,≤100
212732770186,Tom MacDonald,These ads ran without a disclaimer,≤100
175889425769412,BAR-TEK Motorsport,These ads ran without a disclaimer,≤100
769095856453652,Axel Arigato,These ads ran without a disclaimer,≤100
760185027711926,Scientific Feed,These ads ran without a disclaimer,≤100
106962558985029,Naty Suarez,These ads ran without a disclaimer,≤100
548577435509026,d&b audiotechnik,These ads ran without a disclaimer,≤100
127037124035476,Cyberport 數碼港,These ads ran without a disclaimer,≤100
118154551214432,Ormin Gonzales,These ads ran without a disclaimer,≤100
110980888642151,Twibbon April,These ads ran without a disclaimer,≤100
771462172882741,OnePath Network,These ads ran without a disclaimer,≤100
173783723538115,Shliza,These ads ran without a disclaimer,≤100
124109327256894,Dra. Ângela Pistão,These ads ran without a disclaimer,≤100
112872221753732,Sara Perez,These ads ran without a disclaimer,≤100
101715608808670,Judgment Day: Angel of God,These ads ran without a disclaimer,≤100
146822255731958,Fast Travel Games,These ads ran without a disclaimer,≤100
100912541413695,Más Impulso,These ads ran without a disclaimer,≤100
103018869332378,BantuPage,These ads ran without a disclaimer,≤100