﻿Page ID,Page name,Disclaimer,Amount spent (USD)
200480966638039,Supremacy 1914,These ads ran without a disclaimer,≤100
109211515409715,Cog-Pkg Media,These ads ran without a disclaimer,≤100
108625789179165,Soi Dog Foundation,These ads ran without a disclaimer,≤100
339810463063059,Conflict Of Nations : World War 3,These ads ran without a disclaimer,≤100
109391388543268,Mariana Alves,These ads ran without a disclaimer,≤100
1367852156605258,Pasifikabydesign,These ads ran without a disclaimer,≤100
100374392742057,Weregreenly- Magazine,These ads ran without a disclaimer,≤100
412409048849179,Behold Israel,These ads ran without a disclaimer,≤100
104929039128172,Hoshi Kem Trẻ Hóa Làn Da - Xóa Nám Tàn Nhang,These ads ran without a disclaimer,≤100
513491955397746,Pacific Energy,These ads ran without a disclaimer,≤100
479285342097950,AeroTime,These ads ran without a disclaimer,≤100
150779984941409,Rave Mobile Safety,These ads ran without a disclaimer,≤100
118592938221174,ZTE Corporation,These ads ran without a disclaimer,≤100
105962808801596,IZZY - Stream Israel,These ads ran without a disclaimer,≤100
108091988358295,Travels All Abroad,These ads ran without a disclaimer,≤100
102300279228311,MadeinChina,These ads ran without a disclaimer,≤100
130136833750497,IELTS Official,These ads ran without a disclaimer,≤100
106649554035261,Caio_Vitor07,These ads ran without a disclaimer,≤100
102838882271105,NovelReader,These ads ran without a disclaimer,≤100
176104589110851,IEEE,These ads ran without a disclaimer,≤100
19746387261,Humane Society International,These ads ran without a disclaimer,≤100
109116271556490,Fun Read,These ads ran without a disclaimer,≤100
25035867040,Eastern Washington University,These ads ran without a disclaimer,≤100
116355337718182,Moli lulu,These ads ran without a disclaimer,≤100
108148958352704,Travelers Spot,These ads ran without a disclaimer,≤100
1102199946478493,Spotlight,These ads ran without a disclaimer,≤100
107865155194550,The Mojo,These ads ran without a disclaimer,≤100
100181386277305,Mazha06,These ads ran without a disclaimer,≤100
100768036281308,Right Our Story,Right Our Story,≤100
114186743283123,Australia Express,These ads ran without a disclaimer,≤100
101054365776547,Charming Changzhou,These ads ran without a disclaimer,≤100
2418643321715898,Daily Stickers,These ads ran without a disclaimer,≤100
315543515306,Jing Daily,These ads ran without a disclaimer,≤100
112173785152601,Bee Viable,These ads ran without a disclaimer,≤100
188890111132385,Oxford Academic (Oxford University Press),These ads ran without a disclaimer,≤100
354397697217,IEEE Xplore,These ads ran without a disclaimer,≤100
112757083778788,"Economic Daily, China",These ads ran without a disclaimer,≤100
153371894688575,World Bank,These ads ran without a disclaimer,≤100
100913549609447,Balanced Bites,These ads ran without a disclaimer,≤100
116679401363112,Kelce Jam,These ads ran without a disclaimer,≤100
185561295623272,Move To Help Foundation,These ads ran without a disclaimer,≤100
115575820139019,Af Fhyf,These ads ran without a disclaimer,≤100
100994765608411,INN WORD Revival Now,These ads ran without a disclaimer,≤100
771462172882741,OnePath Network,These ads ran without a disclaimer,≤100
398610380712044,River Cleanup,These ads ran without a disclaimer,≤100
100172476278127,Easy Study,These ads ran without a disclaimer,≤100
101138836304674,Dave Sharpe,These ads ran without a disclaimer,≤100
117039841320523,Big Pink Youth Dialogue,These ads ran without a disclaimer,≤100
212732770186,Tom MacDonald,These ads ran without a disclaimer,≤100
124109327256894,Dra. Ângela Pistão,These ads ran without a disclaimer,≤100
108966741644172,Koray Beserler 1,These ads ran without a disclaimer,≤100
202655389892988,Coconut Wireless,These ads ran without a disclaimer,≤100
121350964566751,DHL Motorsports,These ads ran without a disclaimer,≤100
101105049294796,CNN Business Arabic الاقتصادية CNN,These ads ran without a disclaimer,≤100
100415369617618,Ch-01,These ads ran without a disclaimer,≤100
103497027790225,Fonos,These ads ran without a disclaimer,≤100
131189377574,MDPI,These ads ran without a disclaimer,≤100
548577435509026,d&b audiotechnik,These ads ran without a disclaimer,≤100
556475357727793,World Organisation for Animal Health,These ads ran without a disclaimer,≤100
111315691692431,João Pedro,These ads ran without a disclaimer,≤100
100912541413695,Más Impulso,These ads ran without a disclaimer,≤100
343786409509707,The East Gate,These ads ran without a disclaimer,≤100
430258463820053,International School of Ministry with Pastor Chris,These ads ran without a disclaimer,≤100
152000511496023,UBC Sauder School of Business,These ads ran without a disclaimer,≤100
207514629334623,قراءات إفريقية,These ads ran without a disclaimer,≤100
102415047928145,Shanghai Electric,These ads ran without a disclaimer,≤100
106124221662606,Mititelu Raul,These ads ran without a disclaimer,≤100
285530825204,Klitschko,These ads ran without a disclaimer,≤100
110980888642151,Twibbon April,These ads ran without a disclaimer,≤100
104151925811127,Mario Cartaya,These ads ran without a disclaimer,≤100
111622410196045,State of Youth,These ads ran without a disclaimer,≤100
1673669186277733,Freeda,These ads ran without a disclaimer,≤100
146822255731958,Fast Travel Games,These ads ran without a disclaimer,≤100
101289218907718,Web News,These ads ran without a disclaimer,≤100
149290745229517,Online Antisemitism Task Force,These ads ran without a disclaimer,≤100