﻿Page ID,Page name,Disclaimer,Amount spent (USD)
157354480893,Municipio Autónomo de Caguas,Municipio Autónomo de Caguas,944
200480966638039,Supremacy 1914,These ads ran without a disclaimer,666
111162461885005,Jean René x San Juan,"Comité Jean René x San Juan, Inc",365
110608137424774,Hispanic Federation Puerto Rico,HISPANIC FEDERATION INC,357
56074851990,Truth Initiative,TRUTH INITIATIVE FOUNDATION,177
134687123337151,CDC HIV,Centers for Disease Control and Prevention,164
128260071069574,Eaves Law Firm,Eaves Law Firm,106
420361334977702,"José ""Memo"" González Mercado",Jose Orlando Gonzalez Mercado,≤100
292680997602545,Manuel Calderón Cerame,Comité Amigos Manuel Calderón Cerame,≤100
141080279269627,Eric Bachier Román - Alcalde Arroyo,Comité Amigos Eric Bachier,≤100
1562394000717234,Jesus Manuel Ortiz,Comité Jesús Manuel Ortiz González,≤100
1547457055530916,Comité  Pip Cayey Oficial,Comité Pip Cayey Oficial,≤100
103419547920606,Comite PIP Cidra Oficial,Leamsi Fontanez González,≤100
104817915172472,Break The Asthma Cycle,These ads ran without a disclaimer,≤100
182079698493370,Portside,Portside,≤100
108625789179165,Soi Dog Foundation,These ads ran without a disclaimer,≤100
481418311872182,WE ACT for Environmental Justice,WE ACT for Environmental Justice,≤100
189445177858595,Metropistas,Metropistas,≤100
1397931643753711,Noticias de Humacao,These ads ran without a disclaimer,≤100
102294439071125,Reinaldo 2024,These ads ran without a disclaimer,≤100
921043291407287,Junta de Planificación,Junta de Planificación de Puerto Rico,≤100
406817633095999,William E. Miranda Torres,Municipio Autónomo de Caguas,≤100
100471791417062,Neom Traders,These ads ran without a disclaimer,≤100
1593945460882954,Seguro Social Orientadores,Seguro Social Orientadores,≤100
117435897969754,Noticias MVP,These ads ran without a disclaimer,≤100
109892294755667,Cubero Diaz Events,These ads ran without a disclaimer,≤100
104760636770,Vera Institute of Justice,Vera Institute of Justice,≤100
105991982178925,Josué Quiñones Moret,Josué Quiñones Moret,≤100
421836407865197,Quiebras Lirio Torres Justiniano,Lirio Torres Justiniano,≤100
104760636770,Vera Institute of Justice,"VERA INSTITUTE OF JUSTICE, INC.",≤100
164049599660,Catholic Relief Services en español,CATHOLIC RELIEF SERVICES,≤100
100290076224466,Pura Energía Sostenible,These ads ran without a disclaimer,≤100
222152071242671,Luis Javier Hernández,Luis Javier Hernández,≤100
292680997602545,Manuel Calderón Cerame,Comité Manuel Calderón Cerame,≤100
103621869176207,Angela Romero - La Revolución del Amor,These ads ran without a disclaimer,≤100
104237051371667,Fandiem,Fandiem Inc,≤100
103851532013523,Policyfetch.com,Quantum Digital Media Inc,≤100
100374392742057,Weregreenly- Magazine,These ads ran without a disclaimer,≤100
165933872528,Municipio de Isabela,These ads ran without a disclaimer,≤100
19746387261,Humane Society International,These ads ran without a disclaimer,≤100
112074148531279,veganearthdaymarch,These ads ran without a disclaimer,≤100
873116402760402,Héctor Ferrer,Comité Héctor Ferrer,≤100
116237246909837,Conservavision,Conservavision,≤100
101146272152216,Instituto de Libertad Económica para Puerto Rico,These ads ran without a disclaimer,≤100
102791142335827,Certifícate con Nosotros Puerto Rico,These ads ran without a disclaimer,≤100
20876805343,March of Dimes,MARCH OF DIMES INC.,≤100
129137467202477,Bottom Line,These ads ran without a disclaimer,≤100
100490729492964,Sebastian Bello,These ads ran without a disclaimer,≤100
458292390950199,Start Talking. Stop HIV.,Centers for Disease Control and Prevention,≤100
122585304923,Rural Advancement Foundation International-USA,These ads ran without a disclaimer,≤100
244779642874534,MMM Multihealth,These ads ran without a disclaimer,≤100
108318715562829,Abi Espin,These ads ran without a disclaimer,≤100
102352022423999,Isabela Recicla,These ads ran without a disclaimer,≤100
110469992023876,Turin 2024,These ads ran without a disclaimer,≤100
102257292713372,Alejandra Morales,These ads ran without a disclaimer,≤100
282919772420215,Aurelio Agelviz,These ads ran without a disclaimer,≤100
771462172882741,OnePath Network,These ads ran without a disclaimer,≤100
105962808801596,IZZY - Stream Israel,These ads ran without a disclaimer,≤100
253772961315048,Mercury Mosaics,These ads ran without a disclaimer,≤100
401481897336362,Héctor I. Vargas Soler - Tito,These ads ran without a disclaimer,≤100
100279129644164,Health Saving Tips,Seniors Today USA,≤100
103881165300692,Star Solar,These ads ran without a disclaimer,≤100
546066468753446,Black Health Matters,BLACK HEALTH MATTERS FOUNDATION INC,≤100
133247360081982,Corona PR,Corona PR,≤100
278107146130816,Conciencia Clásica,Raúl Eliza,≤100
113347394175119,Bikers,These ads ran without a disclaimer,≤100
108451395321372,Chatter Bubble Daily,These ads ran without a disclaimer,≤100
515448011873554,Héctor J. Hernández Morales - Primerica Regional Vice President,These ads ran without a disclaimer,≤100
108542978575443,Javier Molina Senador Distrito Ponce 2024,These ads ran without a disclaimer,≤100
104444729065513,Victoria Segovia,These ads ran without a disclaimer,≤100
1656590977890066,IDEO U,These ads ran without a disclaimer,≤100
354113958382946,Soleair Energy,These ads ran without a disclaimer,≤100
103522748132038,Thersipo,These ads ran without a disclaimer,≤100
111006904869219,Odalys González,Odalys González,≤100
2255199371198053,Junta Reglamentadora de Servicio Público de Puerto Rico,These ads ran without a disclaimer,≤100
103535555731164,Carlos J. Rivera,These ads ran without a disclaimer,≤100
104812612549309,Norman A. Osbourne,These ads ran without a disclaimer,≤100
101967622900393,matrimoniospr,These ads ran without a disclaimer,≤100
113067177682259,PMD - Dogs is my  world,These ads ran without a disclaimer,≤100
104099512361482,Funnies Now - Magazine,These ads ran without a disclaimer,≤100
159160907971246,No a la  Perspectiva  de Género y al Aborto en Puerto Rico.,These ads ran without a disclaimer,≤100
142330269133771,Universidad Albizu,These ads ran without a disclaimer,≤100
100979089555293,Jose Bedoya,These ads ran without a disclaimer,≤100
105561217523274,The Dispatch,"Dispatch Media, Inc.",≤100
105280684938489,KnowledgeVerse,These ads ran without a disclaimer,≤100
105853094713666,Montebello Home Care,These ads ran without a disclaimer,≤100
963874953695577,Colmena66,These ads ran without a disclaimer,≤100
105991982178925,Josué Quiñones Moret,These ads ran without a disclaimer,≤100
200990963441531,Boredom Therapy,These ads ran without a disclaimer,≤100
116355337718182,Moli lulu,These ads ran without a disclaimer,≤100
108043717529159,Specialsiy,These ads ran without a disclaimer,≤100
236489656408306,Centro de Desarrollo Infantil Aeiou,These ads ran without a disclaimer,≤100
107054054968716,ODS Puerto Rico,These ads ran without a disclaimer,≤100
175889425769412,BAR-TEK Motorsport,These ads ran without a disclaimer,≤100
125367181523830,Comité Oficial de Retirados,These ads ran without a disclaimer,≤100
237376072944873,Sensodyne,These ads ran without a disclaimer,≤100
216387518405100,Universal Solar Products Inc.,These ads ran without a disclaimer,≤100
161867997186506,Plan de Socios Auxilio Mutuo,These ads ran without a disclaimer,≤100
113161265090392,ACA Supporters United,These ads ran without a disclaimer,≤100
108532260659720,papitozway,These ads ran without a disclaimer,≤100
1102199946478493,Spotlight,These ads ran without a disclaimer,≤100
630598004063606,Marcos Fabian Gonzalez,Marcos Fabian Gonzalez,≤100
101849728551147,Fun Break Central,These ads ran without a disclaimer,≤100
115895401463440,Entretenimiento,These ads ran without a disclaimer,≤100
112872221753732,Sara Perez,These ads ran without a disclaimer,≤100
106641265403493,Artistika - Arte y diseño,These ads ran without a disclaimer,≤100
108670042204968,US-Outlet Online Store,These ads ran without a disclaimer,≤100
105210788123423,Chief Innovation & Information Officer,These ads ran without a disclaimer,≤100
830289696991749,THE FACTS NOW,Florida Department of Health Bureau of Tobacco Free Florida,≤100
436769259848794,Héctor L. Santiago Torres,These ads ran without a disclaimer,≤100
697208597006651,Earth Day Puerto Rico,These ads ran without a disclaimer,≤100
120564828433637,CTI Consulting Group,These ads ran without a disclaimer,≤100
104593458269168,Your Daily Fun Break,These ads ran without a disclaimer,≤100
110608137424774,Hispanic Federation Puerto Rico,These ads ran without a disclaimer,≤100
100689636310150,Waokeem-EU,These ads ran without a disclaimer,≤100
100364062823342,En Qué Cabeza Cabe,These ads ran without a disclaimer,≤100
102838599457971,Power Solar by H.Andino,These ads ran without a disclaimer,≤100
107259978633117,mrosariolaw_lcda.rosario,These ads ran without a disclaimer,≤100
58169064826,Center for Puerto Rican Studies-Centro,These ads ran without a disclaimer,≤100
101853479470366,Weregreenly,These ads ran without a disclaimer,≤100
124109327256894,Dra. Ângela Pistão,These ads ran without a disclaimer,≤100
110993941170214,ChidoBook,These ads ran without a disclaimer,≤100
100628391999861,"San Juan, Ciudad Capital",These ads ran without a disclaimer,≤100
14182731186,Texas Appleseed,TEXAS APPLESEED,≤100
180477155708626,Ley ADA Puerto Rico,These ads ran without a disclaimer,≤100
102188786059395,Elelandy,These ads ran without a disclaimer,≤100
112458078432694,Mi Alcaldía PR,These ads ran without a disclaimer,≤100
101901378083322,Hogares Teresa Toda,These ads ran without a disclaimer,≤100
343341175170,Hospital Auxilio Mutuo,These ads ran without a disclaimer,≤100
108334355221791,Lourdes Ramos Rivas,These ads ran without a disclaimer,≤100
49629910770,Yizette Cifredo,These ads ran without a disclaimer,≤100
165999053429553,Instituto de Estadísticas de Puerto Rico,These ads ran without a disclaimer,≤100
102801939440877,Consejo de Beneficios Transitorio,These ads ran without a disclaimer,≤100
105900552270698,Sofia Adara,These ads ran without a disclaimer,≤100
103902772675099,Paola Noboa,These ads ran without a disclaimer,≤100
179020228798668,Sociedad de Especialistas en Ortodoncia de PR,These ads ran without a disclaimer,≤100
707585569603342,ABBA POWER,These ads ran without a disclaimer,≤100
101320255680036,MVC Diaspora Network,Maruxa D Cardenas,≤100
100738672408911,Magic Lock,These ads ran without a disclaimer,≤100
48049744053,Food Bank of Central & Eastern North Carolina,"FOOD BANK OF CENTRAL & EASTERN NORTH CAROLINA, INC.",≤100
110194714510724,Nursing Project,These ads ran without a disclaimer,≤100
509144722435814,Los Teques PR,These ads ran without a disclaimer,≤100
111014438406253,Trendyspread shop1,These ads ran without a disclaimer,≤100
135975619799644,Quality Water Service,These ads ran without a disclaimer,≤100
107411195436988,Brain System,These ads ran without a disclaimer,≤100
1594755110757030,Arasibo Steakhouse Boutique,These ads ran without a disclaimer,≤100
100379049649433,Cool Bits Daily,These ads ran without a disclaimer,≤100
1474751402563101,Red por los Derechos de la Niñez y la Juventud de Puerto Rico,These ads ran without a disclaimer,≤100
460334354127531,Ganduleros de Villalba Coliceba,These ads ran without a disclaimer,≤100
1171242829723313,Fabián De Pueblo Como Tu,Comité Carlos F Pagán Carrión,≤100
109059015840857,Hispanic Access Foundation,These ads ran without a disclaimer,≤100
100768036281308,Right Our Story,Right Our Story,≤100
266602360083204,The Children's Trust,"CHILDREN'S TRUST, INC",≤100
401054126719730,Taller Salud,These ads ran without a disclaimer,≤100
167586199962921,Air Wick,These ads ran without a disclaimer,≤100
528233923875077,Cámara de Representantes Puerto Rico,These ads ran without a disclaimer,≤100
109755664976719,Ginger's Notebook,These ads ran without a disclaimer,≤100
100912541413695,Más Impulso,These ads ran without a disclaimer,≤100
966298136789026,Madre Tierra Jabones Artesanales By Isabel,These ads ran without a disclaimer,≤100
657842584277982,Doula Nicholle,These ads ran without a disclaimer,≤100
102171328056125,Hospital General Castañer,These ads ran without a disclaimer,≤100
451888878268674,Gunhaus Armory,These ads ran without a disclaimer,≤100
694572654050156,Hargreaves Stockholm,These ads ran without a disclaimer,≤100
152914224736727,Banco Mundial,These ads ran without a disclaimer,≤100
105890128155344,Hidroponía Completo,These ads ran without a disclaimer,≤100
129636097148515,"José Enrique ""Quiquito"" Meléndez",Jose Enrique Melendez Ortiz,≤100
115187341564341,Crown Solar Energy,These ads ran without a disclaimer,≤100
144427758930699,Universidad Politécnica de Puerto Rico,These ads ran without a disclaimer,≤100
105424122452895,Puerto Rico SNAP,These ads ran without a disclaimer,≤100
111861011871365,Sanabria Representante Distrito 30,These ads ran without a disclaimer,≤100
108091988358295,Travels All Abroad,These ads ran without a disclaimer,≤100
899724903372054,NC Department of Health and Human Services,NC Department of Health and Human Services,≤100
1824054584572169,Sunrise Senior Centre,These ads ran without a disclaimer,≤100
153758725233580,HealthproMed,These ads ran without a disclaimer,≤100
113864178277471,Eco Mindset,These ads ran without a disclaimer,≤100
10150101992785717,Do Orlando North,These ads ran without a disclaimer,≤100
122513971216169,Sanabria Events,These ads ran without a disclaimer,≤100
101469249233542,Lemon Reading,These ads ran without a disclaimer,≤100
114796298555523,Garage Isla Verde,These ads ran without a disclaimer,≤100
231964870346,Hecho en Puerto Rico,These ads ran without a disclaimer,≤100
104319512604194,InterFlash Fiber Optic,These ads ran without a disclaimer,≤100
61219902339,Universidad del Sagrado Corazón - Página Oficial,These ads ran without a disclaimer,≤100
53320617721,Global Rescue,These ads ran without a disclaimer,≤100
255737961878084,Fundación Borincana,These ads ran without a disclaimer,≤100
1803279899993382,"Ni Una Palmadita, Fernanda Restrepo",These ads ran without a disclaimer,≤100
1004603616342396,BEmpower Women,These ads ran without a disclaimer,≤100
101306245743183,Be Nutrition,These ads ran without a disclaimer,≤100
1726672340971433,Millie Aromatic Cut,These ads ran without a disclaimer,≤100
100758682697459,Mayday Health,"Mayday Medicines, Inc.",≤100
169291353156989,Laboratorio Clinico JEZER,These ads ran without a disclaimer,≤100
121031430930858,L. Juan Miller - Senior Developer,These ads ran without a disclaimer,≤100
112077024899370,Comics Stadium,These ads ran without a disclaimer,≤100
205238189588054,"Race, Racism and the Law",Professor Vernellia Randall,≤100
117313033001899,Isbel,These ads ran without a disclaimer,≤100
105341021550932,Chocolate.com - Sports,These ads ran without a disclaimer,≤100
153880381340079,"Familias Capaces, Inc.",These ads ran without a disclaimer,≤100
1578942752369005,Senadora Wandy Soto Tolentino,Karol Carrasquillo,≤100
200969413280005,Shell,These ads ran without a disclaimer,≤100
103848039309631,chepeelcaballito,These ads ran without a disclaimer,≤100
2552060571686733,Novakid Polska,These ads ran without a disclaimer,≤100
101862302669563,Time Traveler Daily,These ads ran without a disclaimer,≤100
114874694843470,"Coordinadora Moriviví, Inc.",These ads ran without a disclaimer,≤100
1084186778342530,MAPFRE,These ads ran without a disclaimer,≤100
117722864916285,Starbucks Puerto Rico,These ads ran without a disclaimer,≤100
602074469965571,Plan C,NATIONAL WOMENS HEALTH NETWORK,≤100
105921748922560,Beller Boy,These ads ran without a disclaimer,≤100
111688802295521,Popular Patch,These ads ran without a disclaimer,≤100
109236381703717,Bino Stories,These ads ran without a disclaimer,≤100
378358675571474,SHRM Puerto Rico - Sociedad para la Gerencia de Recursos Humanos,These ads ran without a disclaimer,≤100
110248534774812,Lock Magic,These ads ran without a disclaimer,≤100
513737101979235,CARIBBEAN FORENSIC & TECHNICAL COLLEGE,These ads ran without a disclaimer,≤100
108710239168726,MAGIC 97.3 Fm Metro 99.5 Fm Isla,These ads ran without a disclaimer,≤100
1419287665039280,M. González Accounting Services,These ads ran without a disclaimer,≤100
1431584836942860,GreenSmart,These ads ran without a disclaimer,≤100
2011754402424648,Power Solar,These ads ran without a disclaimer,≤100
110333931764735,Smile Papers,These ads ran without a disclaimer,≤100
479285342097950,AeroTime,These ads ran without a disclaimer,≤100
105388502159590,Tiron Reading,These ads ran without a disclaimer,≤100
102838882271105,NovelReader,These ads ran without a disclaimer,≤100
158714780827513,UNFPA,These ads ran without a disclaimer,≤100
136900873519398,Eva y Milagros,These ads ran without a disclaimer,≤100
100174069466651,LaVita Wellness,These ads ran without a disclaimer,≤100
118783678208393,Aba Beauty Lounge,These ads ran without a disclaimer,≤100
2579563115392733,L’ Floria by Liz Gąbriela,These ads ran without a disclaimer,≤100
110445308646022,Ricky Rodriguez Quiles,These ads ran without a disclaimer,≤100
108592031991867,Justicia Energética,These ads ran without a disclaimer,≤100
111351088478835,My Diwise,These ads ran without a disclaimer,≤100
101375929333005,MMM Multiclínica,These ads ran without a disclaimer,≤100
278107146130816,Conciencia Clásica,These ads ran without a disclaimer,≤100
87186661244,Johns Hopkins Bloomberg School of Public Health,Johns Hopkins Bloomberg School of Public Health,≤100
1376598235943742,Softek,These ads ran without a disclaimer,≤100
315543515306,Jing Daily,These ads ran without a disclaimer,≤100
713441035414297,Colectiva Feminista en Construcción,These ads ran without a disclaimer,≤100
1607908952807237,Parker Phillips,These ads ran without a disclaimer,≤100
107865155194550,The Mojo,These ads ran without a disclaimer,≤100
135736129850479,Supermercados Econo,These ads ran without a disclaimer,≤100
788474347916774,RAMAS Festival,These ads ran without a disclaimer,≤100
111456533751878,BeHealth,These ads ran without a disclaimer,≤100
105600977499342,3M,These ads ran without a disclaimer,≤100
108047521813671,Nano Stories,These ads ran without a disclaimer,≤100
108519631611104,Contra la Corriente,These ads ran without a disclaimer,≤100
112000088846708,Plaza Del Caribe,These ads ran without a disclaimer,≤100
106701185163801,Your Hacks Spot,These ads ran without a disclaimer,≤100
111542721915368,Naturalmente bella,These ads ran without a disclaimer,≤100
108338745334784,Full Disclosure,These ads ran without a disclaimer,≤100
103755881981759,Redwood Christian Ministries,These ads ran without a disclaimer,≤100
104571188687767,Chill Read,These ads ran without a disclaimer,≤100
2279264422124393,Vibra Latina Houston,These ads ran without a disclaimer,≤100
933310850194959,Israel Alliance,These ads ran without a disclaimer,≤100
131180680396417,Global Press Journal,These ads ran without a disclaimer,≤100
107272695193789,Aprende con JL'educ,These ads ran without a disclaimer,≤100
2641774812530908,Brigadas Comunitarias,These ads ran without a disclaimer,≤100
52548498674,NUC University,These ads ran without a disclaimer,≤100
118154551214432,Ormin Gonzales,These ads ran without a disclaimer,≤100
109860613708341,Cotto Auto Group,These ads ran without a disclaimer,≤100
1910844215802118,Dra. Anna Di Marco,These ads ran without a disclaimer,≤100
1702406496533285,Lcdo. Ramón Torres,These ads ran without a disclaimer,≤100
925291420897959,Laboratorio Clinico Edmarie,These ads ran without a disclaimer,≤100
108132745079987,A to Z Reading,These ads ran without a disclaimer,≤100
103573729289492,Desaprende Podcast,These ads ran without a disclaimer,≤100
105986175239619,Sea Creature Love,These ads ran without a disclaimer,≤100
185561295623272,Move To Help Foundation,These ads ran without a disclaimer,≤100
113433361345082,Mariale de Viaje,These ads ran without a disclaimer,≤100
1764106393886561,Movimiento Ñin Negrón,These ads ran without a disclaimer,≤100
428920110993857,Texaco Puerto Rico,These ads ran without a disclaimer,≤100
103758944688614,boarderchik87,These ads ran without a disclaimer,≤100
103720677637249,clearwaters.pr,These ads ran without a disclaimer,≤100
106991768326883,Futbolete - Magazine,These ads ran without a disclaimer,≤100
100865351836396,JUSTA P.R.,These ads ran without a disclaimer,≤100
101052344666518,A Mom Life,These ads ran without a disclaimer,≤100
106670578633953,Sis Reading,These ads ran without a disclaimer,≤100
118662057830811,AFLAC Puerto Rico,These ads ran without a disclaimer,≤100
386486121559424,Seguro Obligatorio de Seguros Múltiples,These ads ran without a disclaimer,≤100
116439714715123,Solar LAB PR,These ads ran without a disclaimer,≤100
93939978729,University of Colorado Boulder Undergraduate Admissions,These ads ran without a disclaimer,≤100
290980968206977,GameDay News,These ads ran without a disclaimer,≤100
413224988797093,Beekeeper,These ads ran without a disclaimer,≤100
105336055090792,Luisa Chimá,These ads ran without a disclaimer,≤100
131333104338706,"Calidad, estilo y vida fashion",These ads ran without a disclaimer,≤100
151724258198295,Dan Newlin,Dan Newlin Injury Attorneys,≤100
199504650087085,United,"UNITED AIRLINES, INC.",≤100
101459741907326,Jerusalem Online - Culture,These ads ran without a disclaimer,≤100
109968841831843,juiceologypr,These ads ran without a disclaimer,≤100
116237246909837,Conservavision,These ads ran without a disclaimer,≤100
108148958352704,Travelers Spot,These ads ran without a disclaimer,≤100
119151811501175,Mi Pan Asociados,These ads ran without a disclaimer,≤100
102990202785897,suan.pr,These ads ran without a disclaimer,≤100
108610275182265,Bir Reading,These ads ran without a disclaimer,≤100
730987214347657,Centro de Ayuda al Adulto Mayor - CAAM,These ads ran without a disclaimer,≤100
102984361463961,Igrow Academy,These ads ran without a disclaimer,≤100
100566902060431,Me Time - Home,These ads ran without a disclaimer,≤100
107169648214472,Every Day Koala Living,These ads ran without a disclaimer,≤100
2058053604439707,Stiebel Eltron América Latina,These ads ran without a disclaimer,≤100
116934494636757,Nifty News,These ads ran without a disclaimer,≤100
108558068531422,Smart doc magazin,These ads ran without a disclaimer,≤100
121940824138795,North Carolina Association of Health Plans,"North Carolina Association of Health Plans, Inc",≤100
102926438556515,Minutos para el café,These ads ran without a disclaimer,≤100
141132779369033,Caborojo.com,These ads ran without a disclaimer,≤100
683288532059718,H&H Solar,These ads ran without a disclaimer,≤100
106315034979313,The Travel Life,These ads ran without a disclaimer,≤100
670093203087138,MIO Digital Agency,These ads ran without a disclaimer,≤100
106071792424364,lcdaschroeder,These ads ran without a disclaimer,≤100
256876237681126,Hellmann's,These ads ran without a disclaimer,≤100
101112126154680,Angel Latigo Torres,These ads ran without a disclaimer,≤100
103312438599426,News L.V,These ads ran without a disclaimer,≤100
85452072376,NEWSMAX,"NEWSMAX MEDIA, INC.",≤100
106325695626132,LushReads,These ads ran without a disclaimer,≤100
1710579622504488,Centro Crece,These ads ran without a disclaimer,≤100
101949155245965,Graduatez - Campus Life,These ads ran without a disclaimer,≤100
101116046189297,Medusa Beauty,These ads ran without a disclaimer,≤100
108424878859088,Lobas De Arecibo Doble A Femenino- Dinastia,These ads ran without a disclaimer,≤100
100133042448587,Sneaker Toast Magazine,These ads ran without a disclaimer,≤100
1616100501951671,Conjunto Montunéalo,These ads ran without a disclaimer,≤100
101832838600685,InnovaLife,These ads ran without a disclaimer,≤100
108489661497268,Danny Vargas,These ads ran without a disclaimer,≤100
104283592281330,Lemon Stories,These ads ran without a disclaimer,≤100
430970207251399,SOBAO by Los Cidrines,These ads ran without a disclaimer,≤100
521175061726406,Chef Mari Blanca,These ads ran without a disclaimer,≤100
1540393196201465,Don Rafael,These ads ran without a disclaimer,≤100
105384919090127,jvillanuevabebe,These ads ran without a disclaimer,≤100
102510362488894,Futbolete - Page 3,These ads ran without a disclaimer,≤100
105305981847586,laclasedemrsaguilar,These ads ran without a disclaimer,≤100
103952318821536,Fest Stories,These ads ran without a disclaimer,≤100
418775708189870,Social Movement Technologies,These ads ran without a disclaimer,≤100
103190279412794,Geeky Cap,These ads ran without a disclaimer,≤100
284251645265374,Jornada: Se acabaron las Promesas,These ads ran without a disclaimer,≤100
110818941452003,Morehackz Stories,These ads ran without a disclaimer,≤100
336670079874460,The Hound Magazine,These ads ran without a disclaimer,≤100
108527654799263,Discovery & Lifestyle,These ads ran without a disclaimer,≤100
113423241733053,Group Energy Solar,These ads ran without a disclaimer,≤100
360766567350996,Kiehl's,These ads ran without a disclaimer,≤100
166104610431785,Cynthia Lee Fontaine,These ads ran without a disclaimer,≤100
188540027971424,Safe Harbor Puerto Del Rey,These ads ran without a disclaimer,≤100
257045211013828,San Antonio Spurs Pro,These ads ran without a disclaimer,≤100
118167061592387,Daniellas,These ads ran without a disclaimer,≤100
107934262231569,Musica con M de Mujer,These ads ran without a disclaimer,≤100
103960045072939,Little Treasures,These ads ran without a disclaimer,≤100
322998581767181,alittleawareness,These ads ran without a disclaimer,≤100
105876201950210,Bool Reading,These ads ran without a disclaimer,≤100
109436708574120,Hatillo da Gusto,These ads ran without a disclaimer,≤100
101272866246265,gracianibybps,These ads ran without a disclaimer,≤100
107647258831836,Weregreenly- Magazine Page 3,These ads ran without a disclaimer,≤100
32546766775,KFC,These ads ran without a disclaimer,≤100
106190745640983,MrSilly,These ads ran without a disclaimer,≤100
100108202817818,Bettermanly - The R Page,These ads ran without a disclaimer,≤100
1920900348145621,Presentador Ruben Sanchez,These ads ran without a disclaimer,≤100
100525605800075,Meet and Greet,These ads ran without a disclaimer,≤100
275954569831470,Vínculo Animal PR,These ads ran without a disclaimer,≤100
109611224176388,Mixedtape Podcast,These ads ran without a disclaimer,≤100
113465231711533,El ultimo engaño 2023',These ads ran without a disclaimer,≤100
100870309288742,H&H Solar By Chrystian Silva,These ads ran without a disclaimer,≤100
101149662460553,Avo Magazine,These ads ran without a disclaimer,≤100
108367678367599,Mok Reading,These ads ran without a disclaimer,≤100
627333947310351,Diario de una chica que conquista el mundo,These ads ran without a disclaimer,≤100
112874688384428,Dra. Ana Agosto,These ads ran without a disclaimer,≤100
155174084508744,Banque mondiale,These ads ran without a disclaimer,≤100
115575820139019,Af Fhyf,These ads ran without a disclaimer,≤100
105592088509497,Tulip Puerto Rico,These ads ran without a disclaimer,≤100
108155811555868,Coalición Protectora de Menores,These ads ran without a disclaimer,≤100
108061471650955,SoluTec,These ads ran without a disclaimer,≤100
101443721586040,lacasa8astrologia,These ads ran without a disclaimer,≤100
1019461331409408,Alexandre Paiva,These ads ran without a disclaimer,≤100
113377874944162,bienestarenelbosque,These ads ran without a disclaimer,≤100
309308412520731,Sandy Hook Promise,Sandy Hook Promise,≤100
6514736316,Walden University,Walden University,≤100
106262638975318,Trending Facts,These ads ran without a disclaimer,≤100
691761057548436,Maryland Department of Health - Substance Use Disorders,Maryland Department of Health,≤100
141342819310846,Criolite,These ads ran without a disclaimer,≤100
102253235647259,Futbolete - Revista,These ads ran without a disclaimer,≤100
318711818130,Boot Camp Digital,These ads ran without a disclaimer,≤100
104631572237403,Priority Emergency Ambulance,These ads ran without a disclaimer,≤100
123040710790597,jpereira.ventas,These ads ran without a disclaimer,≤100
104918939068519,Tesla by Power Solar,These ads ran without a disclaimer,≤100
106345782349896,Kiki115608,These ads ran without a disclaimer,≤100
240668849946744,El Rastro,These ads ran without a disclaimer,≤100
50847079398,Carlos Arraiz,These ads ran without a disclaimer,≤100
191716865050976,Iván Pimentel,These ads ran without a disclaimer,≤100
1583511681875566,Amigxs del MAR,These ads ran without a disclaimer,≤100
178826549431637,Akouche,These ads ran without a disclaimer,≤100
114491254887383,Hilarious Hub,These ads ran without a disclaimer,≤100
105586508026380,caseify_pr,These ads ran without a disclaimer,≤100
103629879004375,Famous Paw Fashion Show & Expo Puerto Rico,These ads ran without a disclaimer,≤100
111158061926503,DAV Department of Puerto Rico,These ads ran without a disclaimer,≤100
109750215301135,Alikecloth,These ads ran without a disclaimer,≤100
110693017435793,s.artpr,These ads ran without a disclaimer,≤100
116591804682880,Luis Vega,These ads ran without a disclaimer,≤100
116388821413077,Consultor Jose Otero by WindmarHome,These ads ran without a disclaimer,≤100
121182959277464,BellezAvon X Yvette,These ads ran without a disclaimer,≤100
101304192456744,carososky,These ads ran without a disclaimer,≤100
1664238517217485,Pravan Health,These ads ran without a disclaimer,≤100
148143251889313,"Green Energy For All, LLC",These ads ran without a disclaimer,≤100
176104589110851,IEEE,These ads ran without a disclaimer,≤100
91424781874,Ivonne Carlo Photography,These ads ran without a disclaimer,≤100
7826953993,SXSW,These ads ran without a disclaimer,≤100
638464016348589,Cámara de Comercio Agroecológico,These ads ran without a disclaimer,≤100
106722822373735,The Fun Insider,These ads ran without a disclaimer,≤100
297912144258842,Rolando Emmanuelli Jiménez,These ads ran without a disclaimer,≤100
102783605860386,Taniya,These ads ran without a disclaimer,≤100
106656845034469,Smarter NY Energy,Smarter NY Energy,≤100
1747038068858379,Las Madrinas de los Seguros,"Living Secure Insurance Advisors, Inc.",≤100
185999151456481,Somatic Experiencing International,These ads ran without a disclaimer,≤100
103839532641308,2023 FCE 13,These ads ran without a disclaimer,≤100
103552914774916,Science Moms,"Potential Energy Coalition, Inc. with Facebook ad credits",≤100
101388509327100,Extra famous,These ads ran without a disclaimer,≤100
102255342242017,Red Puertorriqueña de Enfermería,These ads ran without a disclaimer,≤100
204688313202439,Yaucoop Cooperativa,These ads ran without a disclaimer,≤100
139661999752,Medical Association of Georgia (MAG),"MEDICAL ASSOCIATION OF GEORGIA, THE",≤100
100615251929173,Food Is In The House Rhythm,These ads ran without a disclaimer,≤100
105104985495508,lutherkingmusica,These ads ran without a disclaimer,≤100
102878639040027,Ghr Stories,These ads ran without a disclaimer,≤100
152778908212218,Alvarez-Diaz & Villalon,These ads ran without a disclaimer,≤100
1439800816266745,Centro Salud - Justicia/ Puerto Rico Health Justice Center,These ads ran without a disclaimer,≤100
107169378836825,Izy Solar Esp,These ads ran without a disclaimer,≤100
115715398065645,New Hampshire Medicaid Matters,New Hampshire Medicaid Matters,≤100
222632481512640,Coolturart,These ads ran without a disclaimer,≤100
102623776002357,Funnies Now - Magazine Page 2,These ads ran without a disclaimer,≤100
105629949125162,2023 FCE 14,These ads ran without a disclaimer,≤100
109116271556490,Fun Read,These ads ran without a disclaimer,≤100
104410598893696,Bar Reading,These ads ran without a disclaimer,≤100
103393229042284,Windmar Home By Candelaria,These ads ran without a disclaimer,≤100
112757083778788,"Economic Daily, China",These ads ran without a disclaimer,≤100
100982652385000,Home Read,These ads ran without a disclaimer,≤100
159642251244651,Salutina,These ads ran without a disclaimer,≤100
29283722950,Revista Medicina y Salud Pública,These ads ran without a disclaimer,≤100
100913549609447,Balanced Bites,These ads ran without a disclaimer,≤100
115652281405063,mentalhealthwithkiara,These ads ran without a disclaimer,≤100
109368191258301,Jevas Cerveceras,These ads ran without a disclaimer,≤100
103083211820527,Our Funny Little Site Family,These ads ran without a disclaimer,≤100
102998939765184,Persian bms,These ads ran without a disclaimer,≤100
108252221496628,Beachy Getaway,These ads ran without a disclaimer,≤100
103477418445651,Beautiful Trends Today Studio,These ads ran without a disclaimer,≤100
110682710328209,Safer Communities,Christoph B Blaylock,≤100
122775067736304,POWER magazine,These ads ran without a disclaimer,≤100
103788068225117,SolarPro Caribbean,These ads ran without a disclaimer,≤100
110099331940978,More Hackz - MediaSmarter,These ads ran without a disclaimer,≤100
253966794723524,Orange County FL Tax Collector's Office - Scott Randolph,Orange County Tax Collector,≤100
114184975000819,Unexplained Beasts,These ads ran without a disclaimer,≤100
109528261687811,chamblissnation.apparel,These ads ran without a disclaimer,≤100
112103497214277,Patio Boss,These ads ran without a disclaimer,≤100
160723525643721,Dra. Glorymar Rivera Báez,These ads ran without a disclaimer,≤100
369039690773,Taste of Rum - Puerto Rico Rum Festival,These ads ran without a disclaimer,≤100
111462675024606,Nursehut,These ads ran without a disclaimer,≤100
237866649747428,Solo para DAMA,These ads ran without a disclaimer,≤100
114186743283123,Australia Express,These ads ran without a disclaimer,≤100
289397611132,Working Ranch Magazine,These ads ran without a disclaimer,≤100
642631115767963,Club de Leones en Cabo Rojo,These ads ran without a disclaimer,≤100
15286367777,Healthcare Association of New York State,"Healthcare Association of New York State, Inc.",≤100
101176098618342,Programa de Consejería ORE Mayagüez,These ads ran without a disclaimer,≤100
101241435849797,Tot Reading,These ads ran without a disclaimer,≤100
100866989454034,Pepsiiii04,These ads ran without a disclaimer,≤100
106826141934980,El Departamento de Salud del Estado de Washington,Washington State Department of Health,≤100
100369585326814,Programa de Monitoreo y Coordinación de Servicios de Guayanilla,These ads ran without a disclaimer,≤100
104292711848159,Bodas Civiles LGBTQ,These ads ran without a disclaimer,≤100
336539410373603,Jerry Studio,These ads ran without a disclaimer,≤100
108925252480631,Echoes & Reflections,ANTI-DEFAMATION LEAGUE,≤100
102962195574342,Best App to have fun,These ads ran without a disclaimer,≤100
102011582603301,neighboursciencememefarm,These ads ran without a disclaimer,≤100
103750018399880,Hot Pop Today Community,These ads ran without a disclaimer,≤100
49651563727,Live Action,Live Action,≤100
527150317808252,Leyna Bloom,These ads ran without a disclaimer,≤100
108890434952827,Rocket Content,These ads ran without a disclaimer,≤100
134278719946186,Bayer,These ads ran without a disclaimer,≤100
208922206325045,María Carrillo Real Estate,These ads ran without a disclaimer,≤100
109988155233200,MisterAwesome,These ads ran without a disclaimer,≤100
299892860578317,Lenny Salcedo,These ads ran without a disclaimer,≤100
112129214303640,Me Time - Together,These ads ran without a disclaimer,≤100
103792668678364,wakingupwithmelissa,These ads ran without a disclaimer,≤100
770391686426348,TotalEnergies,These ads ran without a disclaimer,≤100
102029848103435,Exalumnos UPRM,These ads ran without a disclaimer,≤100
153371894688575,World Bank,These ads ran without a disclaimer,≤100
101922875434564,Road to Vintage - Music,These ads ran without a disclaimer,≤100
140357056032320,NEA Today,National Education Association,≤100
116276158090585,Business & Finances,These ads ran without a disclaimer,≤100
1785368905093518,PastFactory,These ads ran without a disclaimer,≤100
108346835339219,Golden Era Files,These ads ran without a disclaimer,≤100
475778355919914,BB - Best Bios,These ads ran without a disclaimer,≤100
43287633515,Action for the Climate Emergency,Action for the Climate Emergency,≤100
103917448929618,Burgess People,wedü,≤100
505653766599222,America First with Dr. Sebastian Gorka,Salem Media,≤100
146481695371146,"มูลนิธิเพื่อสุนัขในซอย, ประเทศไทย (Soi Dog - in Thai)",These ads ran without a disclaimer,≤100
102346172649666,FastNet Proxy,These ads ran without a disclaimer,≤100
101981918812659,Sindjus,These ads ran without a disclaimer,≤100
112275231814174,Los secretos de david,These ads ran without a disclaimer,≤100
556475357727793,World Organisation for Animal Health,These ads ran without a disclaimer,≤100
101715608808670,Judgment Day: Angel of God,These ads ran without a disclaimer,≤100
347265340270,Architecture Competitions,These ads ran without a disclaimer,≤100
160720010711227,Panel Rey,These ads ran without a disclaimer,≤100
113061550605438,eClassActions,These ads ran without a disclaimer,≤100
109234018766722,Arkad-03,These ads ran without a disclaimer,≤100
146822255731958,Fast Travel Games,These ads ran without a disclaimer,≤100
123546032572,Eppendorf Group,These ads ran without a disclaimer,≤100
173783723538115,Shliza,These ads ran without a disclaimer,≤100
105607552434777,Instalador Solar,These ads ran without a disclaimer,≤100
110980888642151,Twibbon April,These ads ran without a disclaimer,≤100
429957570419097,Professor Israel,These ads ran without a disclaimer,≤100
113392021116121,silviamartinoficial,These ads ran without a disclaimer,≤100
103497027790225,Fonos,These ads ran without a disclaimer,≤100
105508145022144,Geeky Base,These ads ran without a disclaimer,≤100
103488685765636,Marcela Moura,These ads ran without a disclaimer,≤100
101466184613456,Fuzzy Times,These ads ran without a disclaimer,≤100
106891315675485,world_passion_photo,These ads ran without a disclaimer,≤100
107977331797625,My New Trends,These ads ran without a disclaimer,≤100
858956930808046,Centro Iberoamericano de Estudios de Foto y Cine,These ads ran without a disclaimer,≤100
105898939096628,Domani Media,These ads ran without a disclaimer,≤100
760185027711926,Scientific Feed,These ads ran without a disclaimer,≤100
1117395655105694,Energia solar - Surya,These ads ran without a disclaimer,≤100
161666143844859,Sandvik,These ads ran without a disclaimer,≤100
131189377574,MDPI,These ads ran without a disclaimer,≤100
485307442238931,Ta Picante Podcast,These ads ran without a disclaimer,≤100
103172549436914,Noticias del mundo todos los días,These ads ran without a disclaimer,≤100
311805162906672,Mench Tech,These ads ran without a disclaimer,≤100
101822272617934,Network Booster,These ads ran without a disclaimer,≤100
110604015286361,Beckman Coulter Life Sciences LATAM,These ads ran without a disclaimer,≤100
250305668489402,Professor Kenny,These ads ran without a disclaimer,≤100
2316804725260574,Readyer,These ads ran without a disclaimer,≤100
104989885631462,Formación Católica - Heraldos del Evangelio,These ads ran without a disclaimer,≤100
112994818439099,Alejandro Martinez,These ads ran without a disclaimer,≤100
110807438602372,Steno Research,These ads ran without a disclaimer,≤100
101545415784484,Simple Tribune,These ads ran without a disclaimer,≤100
121638447515460,Marcelo Almeida,These ads ran without a disclaimer,≤100
285530825204,Klitschko,These ads ran without a disclaimer,≤100
150793518281117,Covestro,These ads ran without a disclaimer,≤100
548577435509026,d&b audiotechnik,These ads ran without a disclaimer,≤100
191367330892004,UBC Engineering,These ads ran without a disclaimer,≤100
82928774489,Panda Security,These ads ran without a disclaimer,≤100
164432246934163,Chopard,These ads ran without a disclaimer,≤100
212732770186,Tom MacDonald,These ads ran without a disclaimer,≤100
105327402529317,Adelitas Del Estado De Chihuahua,These ads ran without a disclaimer,≤100
164363583611275,Bedós Bonaterra,These ads ran without a disclaimer,≤100
109926928389181,Gabriel Nunes,These ads ran without a disclaimer,≤100
139098866100198,Merri-bek City Council,These ads ran without a disclaimer,≤100
375281245833162,Televisión Española Internacional (TVE Internacional),These ads ran without a disclaimer,≤100
608650595820049,The Conqueror Challenges,These ads ran without a disclaimer,≤100
111232968542053,Manual del Instalador Solar,These ads ran without a disclaimer,≤100
1359136157453700,Bere Ramos,These ads ran without a disclaimer,≤100
206770396537521,Infosys BPM,These ads ran without a disclaimer,≤100
121399424291543,caro7074,These ads ran without a disclaimer,≤100
114247604036354,Инфограф,These ads ran without a disclaimer,≤100
513075715554189,Área de inversión,These ads ran without a disclaimer,≤100
294837634511305,24/7 Mirror,These ads ran without a disclaimer,≤100
769095856453652,Axel Arigato,These ads ran without a disclaimer,≤100