﻿Page ID,Page name,Disclaimer,Amount spent (USD)
751378318588766,Prevent UnWanted Species Guam,"Sustainable Resources Group Intn'l, Inc.",1134
200480966638039,Supremacy 1914,These ads ran without a disclaimer,262
1619846278287279,Progressive Democrats of Guam,Julian Christopher Janssen,112
1066028990105772,Pacific Remote Islands Coalition,RESOURCES LEGACY FUND,≤100
104812612549309,Norman A. Osbourne,These ads ran without a disclaimer,≤100
13204463437,"UNHCR, the UN Refugee Agency",These ads ran without a disclaimer,≤100
108625789179165,Soi Dog Foundation,These ads ran without a disclaimer,≤100
102444432813589,HOVERx,These ads ran without a disclaimer,≤100
114215153674237,Partstown Guam,These ads ran without a disclaimer,≤100
227929253905267,Dr. Shieh's Clinic,These ads ran without a disclaimer,≤100
1816607505289646,"Genuine Spirit Company, LLC",These ads ran without a disclaimer,≤100
339810463063059,Conflict Of Nations : World War 3,These ads ran without a disclaimer,≤100
100264829234904,Bake Their Day,These ads ran without a disclaimer,≤100
109391388543268,Mariana Alves,These ads ran without a disclaimer,≤100
19746387261,Humane Society International,These ads ran without a disclaimer,≤100
102121579296432,Allcsta time,These ads ran without a disclaimer,≤100
102838882271105,NovelReader,These ads ran without a disclaimer,≤100
201568516559803,WestCare Pacific Islands,These ads ran without a disclaimer,≤100
100374392742057,Weregreenly- Magazine,These ads ran without a disclaimer,≤100
1367852156605258,Pasifikabydesign,These ads ran without a disclaimer,≤100
104929039128172,Hoshi Kem Trẻ Hóa Làn Da - Xóa Nám Tàn Nhang,These ads ran without a disclaimer,≤100
108966741644172,Koray Beserler 1,These ads ran without a disclaimer,≤100
141576709631498,Pacific Island Times,These ads ran without a disclaimer,≤100
111006106975721,Celebration of Asher's Life,These ads ran without a disclaimer,≤100
104099512361482,Funnies Now - Magazine,These ads ran without a disclaimer,≤100
124109327256894,Dra. Ângela Pistão,These ads ran without a disclaimer,≤100
146822255731958,Fast Travel Games,These ads ran without a disclaimer,≤100
315543515306,Jing Daily,These ads ran without a disclaimer,≤100
479285342097950,AeroTime,These ads ran without a disclaimer,≤100
100738672408911,Magic Lock,These ads ran without a disclaimer,≤100
100956962558580,cid_celebrity_encounters808,These ads ran without a disclaimer,≤100
108091988358295,Travels All Abroad,These ads ran without a disclaimer,≤100
176104589110851,IEEE,These ads ran without a disclaimer,≤100
1102199946478493,Spotlight,These ads ran without a disclaimer,≤100
104593458269168,Your Daily Fun Break,These ads ran without a disclaimer,≤100
105962808801596,IZZY - Stream Israel,These ads ran without a disclaimer,≤100
111014438406253,Trendyspread shop1,These ads ran without a disclaimer,≤100
771462172882741,OnePath Network,These ads ran without a disclaimer,≤100
111716750661105,怦然星動,These ads ran without a disclaimer,≤100
418775708189870,Social Movement Technologies,These ads ran without a disclaimer,≤100
108148958352704,Travelers Spot,These ads ran without a disclaimer,≤100
101849728551147,Fun Break Central,These ads ran without a disclaimer,≤100
185561295623272,Move To Help Foundation,These ads ran without a disclaimer,≤100
105388502159590,Tiron Reading,These ads ran without a disclaimer,≤100
100689636310150,Waokeem-EU,These ads ran without a disclaimer,≤100
102998939765184,Persian bms,These ads ran without a disclaimer,≤100
105336055090792,Luisa Chimá,These ads ran without a disclaimer,≤100
118592938221174,ZTE Corporation,These ads ran without a disclaimer,≤100
105241441562595,Bob's Hideout - Stories,These ads ran without a disclaimer,≤100
107647258831836,Weregreenly- Magazine Page 3,These ads ran without a disclaimer,≤100
412409048849179,Behold Israel,These ads ran without a disclaimer,≤100
130136833750497,IELTS Official,These ads ran without a disclaimer,≤100
1656590977890066,IDEO U,These ads ran without a disclaimer,≤100
146481695371146,"มูลนิธิเพื่อสุนัขในซอย, ประเทศไทย (Soi Dog - in Thai)",These ads ran without a disclaimer,≤100
106991768326883,Futbolete - Magazine,These ads ran without a disclaimer,≤100
100615251929173,Food Is In The House Rhythm,These ads ran without a disclaimer,≤100
112077024899370,Comics Stadium,These ads ran without a disclaimer,≤100
257045211013828,San Antonio Spurs Pro,These ads ran without a disclaimer,≤100
2418643321715898,Daily Stickers,These ads ran without a disclaimer,≤100
108890434952827,Rocket Content,These ads ran without a disclaimer,≤100
114186743283123,Australia Express,These ads ran without a disclaimer,≤100
255633930039,Americans for Prosperity - North Carolina,AMERICANS FOR PROSPERITY,≤100
115575820139019,Af Fhyf,These ads ran without a disclaimer,≤100
114184975000819,Unexplained Beasts,These ads ran without a disclaimer,≤100
101853479470366,Weregreenly,These ads ran without a disclaimer,≤100
105921748922560,Beller Boy,These ads ran without a disclaimer,≤100
100379049649433,Cool Bits Daily,These ads ran without a disclaimer,≤100
669307523469574,EveryJew,These ads ran without a disclaimer,≤100
101469249233542,Lemon Reading,These ads ran without a disclaimer,≤100
101922875434564,Road to Vintage - Music,These ads ran without a disclaimer,≤100
102962195574342,Best App to have fun,These ads ran without a disclaimer,≤100
1517088885216557,AIG,These ads ran without a disclaimer,≤100
1290970774296917,DailySportx,These ads ran without a disclaimer,≤100
122775067736304,POWER magazine,These ads ran without a disclaimer,≤100
101949155245965,Graduatez - Campus Life,These ads ran without a disclaimer,≤100
112757083778788,"Economic Daily, China",These ads ran without a disclaimer,≤100
478297078923452,Big Easy Believer,These ads ran without a disclaimer,≤100
106649554035261,Caio_Vitor07,These ads ran without a disclaimer,≤100
116934494636757,Nifty News,These ads ran without a disclaimer,≤100
106170661628518,香港V,These ads ran without a disclaimer,≤100
93939978729,University of Colorado Boulder Undergraduate Admissions,These ads ran without a disclaimer,≤100
106670578633953,Sis Reading,These ads ran without a disclaimer,≤100
2552060571686733,Novakid Polska,These ads ran without a disclaimer,≤100
105898939096628,Domani Media,These ads ran without a disclaimer,≤100
548577435509026,d&b audiotechnik,These ads ran without a disclaimer,≤100
110980888642151,Twibbon April,These ads ran without a disclaimer,≤100
175889425769412,BAR-TEK Motorsport,These ads ran without a disclaimer,≤100
101466184613456,Fuzzy Times,These ads ran without a disclaimer,≤100
343786409509707,The East Gate,These ads ran without a disclaimer,≤100
105508145022144,Geeky Base,These ads ran without a disclaimer,≤100
265345800469382,Hyundai Motor Group,These ads ran without a disclaimer,≤100
430258463820053,International School of Ministry with Pastor Chris,These ads ran without a disclaimer,≤100
109534787605542,Mohammed Al-Issa محمد العيسى,These ads ran without a disclaimer,≤100
347265340270,Architecture Competitions,These ads ran without a disclaimer,≤100
100172476278127,Easy Study,These ads ran without a disclaimer,≤100
173783723538115,Shliza,These ads ran without a disclaimer,≤100
103497027790225,Fonos,These ads ran without a disclaimer,≤100
101289218907718,Web News,These ads ran without a disclaimer,≤100
202655389892988,Coconut Wireless,These ads ran without a disclaimer,≤100
769095856453652,Axel Arigato,These ads ran without a disclaimer,≤100
212732770186,Tom MacDonald,These ads ran without a disclaimer,≤100
102416722029565,"Innovate4Climate, I4C 2023",These ads ran without a disclaimer,≤100
191367330892004,UBC Engineering,These ads ran without a disclaimer,≤100
131189377574,MDPI,These ads ran without a disclaimer,≤100
121350964566751,DHL Motorsports,These ads ran without a disclaimer,≤100