﻿Location name,Amount spent (USD)
Alabama,312109
Alaska,78445
American Samoa,≤100
Arizona,816696
Arkansas,200296
California,3311107
Colorado,655156
Connecticut,323548
Delaware,110119
Florida,1979662
Georgia,832495
Guam,107
Hawaii,105776
Idaho,148874
Illinois,1145658
Indiana,436426
Iowa,266625
Kansas,214169
Kentucky,374415
Louisiana,504252
Maine,192229
Maryland,870466
Massachusetts,510884
Michigan,953639
Minnesota,688581
Mississippi,236242
Missouri,442582
Montana,184005
Nebraska,139221
Nevada,458113
New Hampshire,186006
New Jersey,941402
New Mexico,180994
New York,1894352
North Carolina,986661
North Dakota,44902
Northern Mariana Islands,434
Ohio,1060404
Oklahoma,348465
Oregon,439819
Pennsylvania,2061637
Puerto Rico,944
Rhode Island,102921
South Carolina,431042
South Dakota,52578
Tennessee,556680
Texas,3461607
Unknown,51497
Utah,225110
Vermont,55174
Virgin Islands (U.S.),≤100
Virginia,987041
Washington,645344
"Washington, District of Columbia",401483
West Virginia,235848
Wisconsin,671749
Wyoming,52937