﻿Page ID,Page name,Disclaimer,Amount spent (USD)
200480966638039,Supremacy 1914,These ads ran without a disclaimer,≤100
339810463063059,Conflict Of Nations : World War 3,These ads ran without a disclaimer,≤100
479285342097950,AeroTime,These ads ran without a disclaimer,≤100
150779984941409,Rave Mobile Safety,These ads ran without a disclaimer,≤100
108091988358295,Travels All Abroad,These ads ran without a disclaimer,≤100
130136833750497,IELTS Official,These ads ran without a disclaimer,≤100
116355337718182,Moli lulu,These ads ran without a disclaimer,≤100
100374392742057,Weregreenly- Magazine,These ads ran without a disclaimer,≤100
114186743283123,Australia Express,These ads ran without a disclaimer,≤100
108148958352704,Travelers Spot,These ads ran without a disclaimer,≤100
102300279228311,MadeinChina,These ads ran without a disclaimer,≤100
108625789179165,Soi Dog Foundation,These ads ran without a disclaimer,≤100
115575820139019,Af Fhyf,These ads ran without a disclaimer,≤100
430258463820053,International School of Ministry with Pastor Chris,These ads ran without a disclaimer,≤100
398610380712044,River Cleanup,These ads ran without a disclaimer,≤100
100172476278127,Easy Study,These ads ran without a disclaimer,≤100
124109327256894,Dra. Ângela Pistão,These ads ran without a disclaimer,≤100
556475357727793,World Organisation for Animal Health,These ads ran without a disclaimer,≤100
343786409509707,The East Gate,These ads ran without a disclaimer,≤100
100912541413695,Más Impulso,These ads ran without a disclaimer,≤100