﻿Page ID,Page name,Disclaimer,Amount spent (USD)
200480966638039,Supremacy 1914,These ads ran without a disclaimer,≤100
333199340043595,Senator Alma Francis Heyliger,Alma Francis Heyliger,≤100
109474688538128,Committee To Elect Devin Carrington,These ads ran without a disclaimer,≤100
121473466911,AARP Virgin Islands,AARP,≤100
19746387261,Humane Society International,These ads ran without a disclaimer,≤100
108625789179165,Soi Dog Foundation,These ads ran without a disclaimer,≤100
111132794348779,That Happened,These ads ran without a disclaimer,≤100
101849728551147,Fun Break Central,These ads ran without a disclaimer,≤100
116934494636757,Nifty News,These ads ran without a disclaimer,≤100
1656590977890066,IDEO U,These ads ran without a disclaimer,≤100
112077024899370,Comics Stadium,These ads ran without a disclaimer,≤100
105094985679501,On the Books,These ads ran without a disclaimer,≤100
108091988358295,Travels All Abroad,These ads ran without a disclaimer,≤100
104099512361482,Funnies Now - Magazine,These ads ran without a disclaimer,≤100
100374392742057,Weregreenly- Magazine,These ads ran without a disclaimer,≤100
116355337718182,Moli lulu,These ads ran without a disclaimer,≤100
107647258831836,Weregreenly- Magazine Page 3,These ads ran without a disclaimer,≤100
105336055090792,Luisa Chimá,These ads ran without a disclaimer,≤100
108148958352704,Travelers Spot,These ads ran without a disclaimer,≤100
9012050691,Scribol,These ads ran without a disclaimer,≤100
830289696991749,THE FACTS NOW,Florida Department of Health Bureau of Tobacco Free Florida,≤100
425468610983737,Culture Creators,These ads ran without a disclaimer,≤100
103092238774307,Sobe Ad Agency,These ads ran without a disclaimer,≤100
110818941452003,Morehackz Stories,These ads ran without a disclaimer,≤100
103018869332378,BantuPage,These ads ran without a disclaimer,≤100
101715608808670,Judgment Day: Angel of God,These ads ran without a disclaimer,≤100
118154551214432,Ormin Gonzales,These ads ran without a disclaimer,≤100
112872221753732,Sara Perez,These ads ran without a disclaimer,≤100
124109327256894,Dra. Ângela Pistão,These ads ran without a disclaimer,≤100
100912541413695,Más Impulso,These ads ran without a disclaimer,≤100