﻿Page ID,Page name,Disclaimer,Amount spent (USD)
157354480893,Municipio Autónomo de Caguas,Municipio Autónomo de Caguas,316
56074851990,Truth Initiative,TRUTH INITIATIVE FOUNDATION,177
134687123337151,CDC HIV,Centers for Disease Control and Prevention,164
200480966638039,Supremacy 1914,These ads ran without a disclaimer,≤100
128260071069574,Eaves Law Firm,Eaves Law Firm,≤100
292680997602545,Manuel Calderón Cerame,Comité Amigos Manuel Calderón Cerame,≤100
141080279269627,Eric Bachier Román - Alcalde Arroyo,Comité Amigos Eric Bachier,≤100
104817915172472,Break The Asthma Cycle,These ads ran without a disclaimer,≤100
103419547920606,Comite PIP Cidra Oficial,Leamsi Fontanez González,≤100
481418311872182,WE ACT for Environmental Justice,WE ACT for Environmental Justice,≤100
406817633095999,William E. Miranda Torres,Municipio Autónomo de Caguas,≤100
104760636770,Vera Institute of Justice,Vera Institute of Justice,≤100
102294439071125,Reinaldo 2024,These ads ran without a disclaimer,≤100
421836407865197,Quiebras Lirio Torres Justiniano,Lirio Torres Justiniano,≤100
189445177858595,Metropistas,Metropistas,≤100
222152071242671,Luis Javier Hernández,Luis Javier Hernández,≤100
105991982178925,Josué Quiñones Moret,Josué Quiñones Moret,≤100
103621869176207,Angela Romero - La Revolución del Amor,These ads ran without a disclaimer,≤100
1593945460882954,Seguro Social Orientadores,Seguro Social Orientadores,≤100
873116402760402,Héctor Ferrer,Comité Héctor Ferrer,≤100
458292390950199,Start Talking. Stop HIV.,Centers for Disease Control and Prevention,≤100
292680997602545,Manuel Calderón Cerame,Comité Manuel Calderón Cerame,≤100
101146272152216,Instituto de Libertad Económica para Puerto Rico,These ads ran without a disclaimer,≤100
108625789179165,Soi Dog Foundation,These ads ran without a disclaimer,≤100
182079698493370,Portside,Portside,≤100
19746387261,Humane Society International,These ads ran without a disclaimer,≤100
1547457055530916,Comité  Pip Cayey Oficial,Comité Pip Cayey Oficial,≤100
133247360081982,Corona PR,Corona PR,≤100
100374392742057,Weregreenly- Magazine,These ads ran without a disclaimer,≤100
1656590977890066,IDEO U,These ads ran without a disclaimer,≤100
101967622900393,matrimoniospr,These ads ran without a disclaimer,≤100
963874953695577,Colmena66,These ads ran without a disclaimer,≤100
116355337718182,Moli lulu,These ads ran without a disclaimer,≤100
236489656408306,Centro de Desarrollo Infantil Aeiou,These ads ran without a disclaimer,≤100
1562394000717234,Jesus Manuel Ortiz,Comité Jesús Manuel Ortiz González,≤100
237376072944873,Sensodyne,These ads ran without a disclaimer,≤100
161867997186506,Plan de Socios Auxilio Mutuo,These ads ran without a disclaimer,≤100
113161265090392,ACA Supporters United,These ads ran without a disclaimer,≤100
101715608808670,Judgment Day: Angel of God,These ads ran without a disclaimer,≤100
101849728551147,Fun Break Central,These ads ran without a disclaimer,≤100
124109327256894,Dra. Ângela Pistão,These ads ran without a disclaimer,≤100
112872221753732,Sara Perez,These ads ran without a disclaimer,≤100
108542978575443,Javier Molina Senador Distrito Ponce 2024,These ads ran without a disclaimer,≤100
436769259848794,Héctor L. Santiago Torres,These ads ran without a disclaimer,≤100
120564828433637,CTI Consulting Group,These ads ran without a disclaimer,≤100
110608137424774,Hispanic Federation Puerto Rico,These ads ran without a disclaimer,≤100
107054054968716,ODS Puerto Rico,These ads ran without a disclaimer,≤100
125367181523830,Comité Oficial de Retirados,These ads ran without a disclaimer,≤100
100364062823342,En Qué Cabeza Cabe,These ads ran without a disclaimer,≤100
165933872528,Municipio de Isabela,These ads ran without a disclaimer,≤100
707585569603342,ABBA POWER,These ads ran without a disclaimer,≤100
165999053429553,Instituto de Estadísticas de Puerto Rico,These ads ran without a disclaimer,≤100
110194714510724,Nursing Project,These ads ran without a disclaimer,≤100
528233923875077,Cámara de Representantes Puerto Rico,These ads ran without a disclaimer,≤100
100912541413695,Más Impulso,These ads ran without a disclaimer,≤100
830289696991749,THE FACTS NOW,Florida Department of Health Bureau of Tobacco Free Florida,≤100
48049744053,Food Bank of Central & Eastern North Carolina,"FOOD BANK OF CENTRAL & EASTERN NORTH CAROLINA, INC.",≤100
105424122452895,Puerto Rico SNAP,These ads ran without a disclaimer,≤100
266602360083204,The Children's Trust,"CHILDREN'S TRUST, INC",≤100
115187341564341,Crown Solar Energy,These ads ran without a disclaimer,≤100
180477155708626,Ley ADA Puerto Rico,These ads ran without a disclaimer,≤100
108091988358295,Travels All Abroad,These ads ran without a disclaimer,≤100
401054126719730,Taller Salud,These ads ran without a disclaimer,≤100
111861011871365,Sanabria Representante Distrito 30,These ads ran without a disclaimer,≤100
244779642874534,MMM Multihealth,These ads ran without a disclaimer,≤100
113864178277471,Eco Mindset,These ads ran without a disclaimer,≤100
122513971216169,Sanabria Events,These ads ran without a disclaimer,≤100
1803279899993382,"Ni Una Palmadita, Fernanda Restrepo",These ads ran without a disclaimer,≤100
100758682697459,Mayday Health,"Mayday Medicines, Inc.",≤100
1578942752369005,Senadora Wandy Soto Tolentino,Karol Carrasquillo,≤100
112077024899370,Comics Stadium,These ads ran without a disclaimer,≤100
121031430930858,L. Juan Miller - Senior Developer,These ads ran without a disclaimer,≤100
1474751402563101,Red por los Derechos de la Niñez y la Juventud de Puerto Rico,These ads ran without a disclaimer,≤100
117722864916285,Starbucks Puerto Rico,These ads ran without a disclaimer,≤100
104099512361482,Funnies Now - Magazine,These ads ran without a disclaimer,≤100
103848039309631,chepeelcaballito,These ads ran without a disclaimer,≤100
110333931764735,Smile Papers,These ads ran without a disclaimer,≤100
103522748132038,Thersipo,These ads ran without a disclaimer,≤100
1419287665039280,M. González Accounting Services,These ads ran without a disclaimer,≤100
1431584836942860,GreenSmart,These ads ran without a disclaimer,≤100
167586199962921,Air Wick,These ads ran without a disclaimer,≤100
1702406496533285,Lcdo. Ramón Torres,These ads ran without a disclaimer,≤100
105336055090792,Luisa Chimá,These ads ran without a disclaimer,≤100
10150101992785717,Do Orlando North,These ads ran without a disclaimer,≤100
105600977499342,3M,These ads ran without a disclaimer,≤100
118154551214432,Ormin Gonzales,These ads ran without a disclaimer,≤100
131180680396417,Global Press Journal,These ads ran without a disclaimer,≤100
106991768326883,Futbolete - Magazine,These ads ran without a disclaimer,≤100
111456533751878,BeHealth,These ads ran without a disclaimer,≤100
479285342097950,AeroTime,These ads ran without a disclaimer,≤100
116934494636757,Nifty News,These ads ran without a disclaimer,≤100
101149662460553,Avo Magazine,These ads ran without a disclaimer,≤100
103312438599426,News L.V,These ads ran without a disclaimer,≤100
108148958352704,Travelers Spot,These ads ran without a disclaimer,≤100
107647258831836,Weregreenly- Magazine Page 3,These ads ran without a disclaimer,≤100
1710579622504488,Centro Crece,These ads ran without a disclaimer,≤100
108334355221791,Lourdes Ramos Rivas,These ads ran without a disclaimer,≤100
121940824138795,North Carolina Association of Health Plans,"North Carolina Association of Health Plans, Inc",≤100
110818941452003,Morehackz Stories,These ads ran without a disclaimer,≤100
113067177682259,PMD - Dogs is my  world,These ads ran without a disclaimer,≤100
101949155245965,Graduatez - Campus Life,These ads ran without a disclaimer,≤100
107169648214472,Every Day Koala Living,These ads ran without a disclaimer,≤100
102990202785897,suan.pr,These ads ran without a disclaimer,≤100
103720677637249,clearwaters.pr,These ads ran without a disclaimer,≤100
275954569831470,Vínculo Animal PR,These ads ran without a disclaimer,≤100
108558068531422,Smart doc magazin,These ads ran without a disclaimer,≤100
108527654799263,Discovery & Lifestyle,These ads ran without a disclaimer,≤100
108367678367599,Mok Reading,These ads ran without a disclaimer,≤100
102510362488894,Futbolete - Page 3,These ads ran without a disclaimer,≤100
1616100501951671,Conjunto Montunéalo,These ads ran without a disclaimer,≤100
105305981847586,laclasedemrsaguilar,These ads ran without a disclaimer,≤100
115575820139019,Af Fhyf,These ads ran without a disclaimer,≤100
1019461331409408,Alexandre Paiva,These ads ran without a disclaimer,≤100
309308412520731,Sandy Hook Promise,Sandy Hook Promise,≤100
106656845034469,Smarter NY Energy,Smarter NY Energy,≤100
475778355919914,BB - Best Bios,These ads ran without a disclaimer,≤100
100865351836396,JUSTA P.R.,These ads ran without a disclaimer,≤100
418775708189870,Social Movement Technologies,These ads ran without a disclaimer,≤100
50847079398,Carlos Arraiz,These ads ran without a disclaimer,≤100
103851532013523,Policyfetch.com,Quantum Digital Media Inc,≤100
102623776002357,Funnies Now - Magazine Page 2,These ads ran without a disclaimer,≤100
114184975000819,Unexplained Beasts,These ads ran without a disclaimer,≤100
237866649747428,Solo para DAMA,These ads ran without a disclaimer,≤100
102998939765184,Persian bms,These ads ran without a disclaimer,≤100
770391686426348,TotalEnergies,These ads ran without a disclaimer,≤100
110099331940978,More Hackz - MediaSmarter,These ads ran without a disclaimer,≤100
114491254887383,Hilarious Hub,These ads ran without a disclaimer,≤100
101241435849797,Tot Reading,These ads ran without a disclaimer,≤100
111542721915368,Naturalmente bella,These ads ran without a disclaimer,≤100
116276158090585,Business & Finances,These ads ran without a disclaimer,≤100
602074469965571,Plan C,NATIONAL WOMENS HEALTH NETWORK,≤100
2279264422124393,Vibra Latina Houston,These ads ran without a disclaimer,≤100
110682710328209,Safer Communities,Christoph B Blaylock,≤100
278107146130816,Conciencia Clásica,Raúl Eliza,≤100
114186743283123,Australia Express,These ads ran without a disclaimer,≤100
123040710790597,jpereira.ventas,These ads ran without a disclaimer,≤100
111158061926503,DAV Department of Puerto Rico,These ads ran without a disclaimer,≤100
140357056032320,NEA Today,National Education Association,≤100
136900873519398,Eva y Milagros,These ads ran without a disclaimer,≤100
116388821413077,Consultor Jose Otero by WindmarHome,These ads ran without a disclaimer,≤100
29283722950,Revista Medicina y Salud Pública,These ads ran without a disclaimer,≤100
105104985495508,lutherkingmusica,These ads ran without a disclaimer,≤100
109926928389181,Gabriel Nunes,These ads ran without a disclaimer,≤100
106891315675485,world_passion_photo,These ads ran without a disclaimer,≤100
121638447515460,Marcelo Almeida,These ads ran without a disclaimer,≤100
513075715554189,Área de inversión,These ads ran without a disclaimer,≤100
113392021116121,silviamartinoficial,These ads ran without a disclaimer,≤100
347265340270,Architecture Competitions,These ads ran without a disclaimer,≤100
556475357727793,World Organisation for Animal Health,These ads ran without a disclaimer,≤100
121399424291543,caro7074,These ads ran without a disclaimer,≤100
105607552434777,Instalador Solar,These ads ran without a disclaimer,≤100
131189377574,MDPI,These ads ran without a disclaimer,≤100
105327402529317,Adelitas Del Estado De Chihuahua,These ads ran without a disclaimer,≤100
101466184613456,Fuzzy Times,These ads ran without a disclaimer,≤100
112994818439099,Alejandro Martinez,These ads ran without a disclaimer,≤100
103488685765636,Marcela Moura,These ads ran without a disclaimer,≤100
111232968542053,Manual del Instalador Solar,These ads ran without a disclaimer,≤100
771462172882741,OnePath Network,These ads ran without a disclaimer,≤100
164363583611275,Bedós Bonaterra,These ads ran without a disclaimer,≤100
608650595820049,The Conqueror Challenges,These ads ran without a disclaimer,≤100
101981918812659,Sindjus,These ads ran without a disclaimer,≤100