﻿Location name,Amount spent (USD)
Alabama,896264
Alaska,332915
American Samoa,≤100
Arizona,2231357
Arkansas,587988
California,9331625
Colorado,2136663
Connecticut,914571
Delaware,308922
Florida,6586852
Georgia,2335132
Guam,1700
Hawaii,314066
Idaho,497029
Illinois,3827345
Indiana,1750398
Iowa,794118
Kansas,689820
Kentucky,1074010
Louisiana,1336001
Maine,605912
Maryland,2279571
Massachusetts,1504245
Michigan,3024821
Minnesota,1945390
Mississippi,626941
Missouri,1591619
Montana,565631
Nebraska,465497
Nevada,1043315
New Hampshire,496691
New Jersey,2571746
New Mexico,544717
New York,6767983
North Carolina,2616513
North Dakota,163150
Northern Mariana Islands,512
Ohio,3161414
Oklahoma,1034816
Oregon,1206474
Pennsylvania,4917440
Puerto Rico,3300
Rhode Island,243879
South Carolina,1177476
South Dakota,161993
Tennessee,1845071
Texas,9340175
Unknown,57062
Utah,663409
Vermont,191544
Virgin Islands (U.S.),314
Virginia,2617063
Washington,1862614
"Washington, District of Columbia",1005618
West Virginia,579107
Wisconsin,3596993
Wyoming,137562