﻿Page ID,Page name,Disclaimer,Amount spent (USD)
339810463063059,Conflict Of Nations : World War 3,These ads ran without a disclaimer,≤100
107647258831836,Weregreenly- Magazine Page 3,These ads ran without a disclaimer,≤100
105241441562595,Bob's Hideout - Stories,These ads ran without a disclaimer,≤100
1656590977890066,IDEO U,These ads ran without a disclaimer,≤100
112077024899370,Comics Stadium,These ads ran without a disclaimer,≤100
111716750661105,怦然星動,These ads ran without a disclaimer,≤100
106991768326883,Futbolete - Magazine,These ads ran without a disclaimer,≤100
115575820139019,Af Fhyf,These ads ran without a disclaimer,≤100
116934494636757,Nifty News,These ads ran without a disclaimer,≤100
101949155245965,Graduatez - Campus Life,These ads ran without a disclaimer,≤100
265345800469382,Hyundai Motor Group,These ads ran without a disclaimer,≤100
131189377574,MDPI,These ads ran without a disclaimer,≤100
101466184613456,Fuzzy Times,These ads ran without a disclaimer,≤100