﻿Page ID,Page name,Disclaimer,Amount spent (USD)
134687123337151,CDC HIV,Centers for Disease Control and Prevention,111
157354480893,Municipio Autónomo de Caguas,Municipio Autónomo de Caguas,≤100
406817633095999,William E. Miranda Torres,Municipio Autónomo de Caguas,≤100
104817915172472,Break The Asthma Cycle,These ads ran without a disclaimer,≤100
104760636770,Vera Institute of Justice,Vera Institute of Justice,≤100
421836407865197,Quiebras Lirio Torres Justiniano,Lirio Torres Justiniano,≤100
458292390950199,Start Talking. Stop HIV.,Centers for Disease Control and Prevention,≤100
189445177858595,Metropistas,Metropistas,≤100
1547457055530916,Comité  Pip Cayey Oficial,Comité Pip Cayey Oficial,≤100
133247360081982,Corona PR,Corona PR,≤100
1593945460882954,Seguro Social Orientadores,Seguro Social Orientadores,≤100
1656590977890066,IDEO U,These ads ran without a disclaimer,≤100
101146272152216,Instituto de Libertad Económica para Puerto Rico,These ads ran without a disclaimer,≤100
237376072944873,Sensodyne,These ads ran without a disclaimer,≤100
120564828433637,CTI Consulting Group,These ads ran without a disclaimer,≤100
292680997602545,Manuel Calderón Cerame,Comité Manuel Calderón Cerame,≤100
236489656408306,Centro de Desarrollo Infantil Aeiou,These ads ran without a disclaimer,≤100
101715608808670,Judgment Day: Angel of God,These ads ran without a disclaimer,≤100
707585569603342,ABBA POWER,These ads ran without a disclaimer,≤100
165933872528,Municipio de Isabela,These ads ran without a disclaimer,≤100
107054054968716,ODS Puerto Rico,These ads ran without a disclaimer,≤100
115187341564341,Crown Solar Energy,These ads ran without a disclaimer,≤100
161867997186506,Plan de Socios Auxilio Mutuo,These ads ran without a disclaimer,≤100
180477155708626,Ley ADA Puerto Rico,These ads ran without a disclaimer,≤100
244779642874534,MMM Multihealth,These ads ran without a disclaimer,≤100
100374392742057,Weregreenly- Magazine,These ads ran without a disclaimer,≤100
100758682697459,Mayday Health,"Mayday Medicines, Inc.",≤100
266602360083204,The Children's Trust,"CHILDREN'S TRUST, INC",≤100
105991982178925,Josué Quiñones Moret,Josué Quiñones Moret,≤100
112077024899370,Comics Stadium,These ads ran without a disclaimer,≤100
121031430930858,L. Juan Miller - Senior Developer,These ads ran without a disclaimer,≤100
110333931764735,Smile Papers,These ads ran without a disclaimer,≤100
111456533751878,BeHealth,These ads ran without a disclaimer,≤100
106991768326883,Futbolete - Magazine,These ads ran without a disclaimer,≤100
108367678367599,Mok Reading,These ads ran without a disclaimer,≤100
113864178277471,Eco Mindset,These ads ran without a disclaimer,≤100
102990202785897,suan.pr,These ads ran without a disclaimer,≤100
108542978575443,Javier Molina Senador Distrito Ponce 2024,These ads ran without a disclaimer,≤100
103312438599426,News L.V,These ads ran without a disclaimer,≤100
102510362488894,Futbolete - Page 3,These ads ran without a disclaimer,≤100
121940824138795,North Carolina Association of Health Plans,"North Carolina Association of Health Plans, Inc",≤100
116934494636757,Nifty News,These ads ran without a disclaimer,≤100
101949155245965,Graduatez - Campus Life,These ads ran without a disclaimer,≤100
115575820139019,Af Fhyf,These ads ran without a disclaimer,≤100
479285342097950,AeroTime,These ads ran without a disclaimer,≤100
770391686426348,TotalEnergies,These ads ran without a disclaimer,≤100
116276158090585,Business & Finances,These ads ran without a disclaimer,≤100
114491254887383,Hilarious Hub,These ads ran without a disclaimer,≤100
2279264422124393,Vibra Latina Houston,These ads ran without a disclaimer,≤100
103488685765636,Marcela Moura,These ads ran without a disclaimer,≤100
121399424291543,caro7074,These ads ran without a disclaimer,≤100
556475357727793,World Organisation for Animal Health,These ads ran without a disclaimer,≤100
101981918812659,Sindjus,These ads ran without a disclaimer,≤100
118154551214432,Ormin Gonzales,These ads ran without a disclaimer,≤100
513075715554189,Área de inversión,These ads ran without a disclaimer,≤100
101466184613456,Fuzzy Times,These ads ran without a disclaimer,≤100
106891315675485,world_passion_photo,These ads ran without a disclaimer,≤100
121638447515460,Marcelo Almeida,These ads ran without a disclaimer,≤100