﻿Page ID,Page name,Disclaimer,Amount spent (USD)
339810463063059,Conflict Of Nations : World War 3,These ads ran without a disclaimer,≤100
479285342097950,AeroTime,These ads ran without a disclaimer,≤100
102300279228311,MadeinChina,These ads ran without a disclaimer,≤100
114186743283123,Australia Express,These ads ran without a disclaimer,≤100
115575820139019,Af Fhyf,These ads ran without a disclaimer,≤100
398610380712044,River Cleanup,These ads ran without a disclaimer,≤100
556475357727793,World Organisation for Animal Health,These ads ran without a disclaimer,≤100