﻿Page ID,Page name,Disclaimer,Amount spent (USD)
121473466911,AARP Virgin Islands,AARP,≤100
116934494636757,Nifty News,These ads ran without a disclaimer,≤100
1656590977890066,IDEO U,These ads ran without a disclaimer,≤100
112077024899370,Comics Stadium,These ads ran without a disclaimer,≤100
107647258831836,Weregreenly- Magazine Page 3,These ads ran without a disclaimer,≤100
9012050691,Scribol,These ads ran without a disclaimer,≤100
830289696991749,THE FACTS NOW,Florida Department of Health Bureau of Tobacco Free Florida,≤100
103092238774307,Sobe Ad Agency,These ads ran without a disclaimer,≤100
103018869332378,BantuPage,These ads ran without a disclaimer,≤100