﻿Page ID,Page name,Disclaimer,Amount spent (USD)
851220855030432,J.P. Morgan,"JPMORGAN CHASE BANK, NA",≤100
6514736316,Walden University,Walden University,≤100
106244251043808,America's Plastic Makers,"AMERICAN CHEMISTRY COUNCIL, INC.",≤100
122258358636926,Sound of Freedom Movie,"Sound of Freedom, LLC",≤100
92925746942,Judicial Watch,Judicial Watch,≤100
127225910653607,PragerU,PragerU,≤100
18982436812,ACLU,American Civil Liberties Union,≤100
100364185463048,Angel Studios,"Angel Studios, Inc.",≤100
12375354406,USO,United Service Organizations,≤100
7341997111,Conservation International,Conservation International with Facebook Ad Credits,≤100
104760636770,Vera Institute of Justice,Vera Institute of Justice,≤100
106568024842114,Rideshare Assault Support,Citizen Ad Network LLC,≤100
108547455113940,Our America,Our America,≤100
219612384781411,Bloomberg Philanthropies,Bloomberg Philanthropies,≤100
376776419037747,Turning Point USA,"Turning Point USA, Inc.",≤100
239452426714,American Action Network,American Action Network,≤100
24470472733,The Trevor Project,The Trevor Project,≤100
15771560300,Earthjustice,EARTHJUSTICE,≤100
2353537341582545,Proud Patriots,Proud Patriots,≤100
11791104453,NRDC,Natural Resources Defense Council,≤100
104623832132932,Perry Johnson,PERRY JOHNSON FOR PRESIDENT INC.,≤100
142432192446984,David Horowitz Freedom Center,David Horowitz Freedom Center,≤100
1461100540775171,The Tuttle Twins,LIBERTAS INSTITUTE,≤100
57259033959,AARP,AARP,≤100
7030901126,Campaign for Tobacco-Free Kids,Campaign for Tobacco-Free Kids,≤100
18709174006,National Audubon Society,"NATIONAL AUDUBON SOCIETY, INC.",≤100
100346689495660,Pete's Pranks,Petes Pranks,≤100
103715861368344,McCormick & Company,MCCORMICK & COMPANY INC,≤100
162678203751209,Gilead Sciences,GILEAD SCIENCES INC,≤100
8934429638,Planned Parenthood Action,Planned Parenthood Action Fund,≤100
107483817554072,WorkMoney,WorkMoney,≤100
1590877284560136,Patti Harris,Bloomberg Philanthropies,≤100
458292390950199,Start Talking. Stop HIV.,Centers for Disease Control and Prevention,≤100
203197030603239,8 Billion Trees,8 Billion Trees LLC,≤100
570092813023833,Matt Walsh,The Daily Wire,≤100
49651563727,Live Action,Live Action,≤100
10498053716,Media Research Center,MEDIA RESEARCH CENTER,≤100
103875099042033,DailyWire+,The Daily Wire,≤100
8492293163,Environmental Defense Fund,Environmental Defense Fund,≤100
104817915172472,Break The Asthma Cycle,These ads ran without a disclaimer,≤100
13885075114,Action Against Hunger USA,ACTION AGAINST HUNGER - USA,≤100
1382441768496365,Pentair,PENTAIR,≤100
10128918116,Gavin Newsom,Campaign for Democracy PAC,≤100
30618466815,Pacific Legal Foundation,Pacific Legal Foundation,≤100
342294162453301,Planned Parenthood,Planned Parenthood Federation of America,≤100
408526523045391,Mammoth Nation,Mammoth Nation,≤100
6041057841,The Humane Society of the United States,"HUMANE SOCIETY OF THE UNITED STATES, THE",≤100
103807629149771,Working Forests Initiative,"WORKING FOREST INITIATIVE, INC.",≤100
145917588805718,Dr Jordan B Peterson,The Daily Wire,≤100
114008535880,Foundation for Individual Rights and Expression,FOUNDATION FOR INDIVIDUAL RIGHTS IN EDUCATION,≤100
583258211727279,Shai Fund,SHAI FUND INC,≤100
72931140459,Center for Biological Diversity,"CENTER FOR BIOLOGICAL DIVERSITY, INC.",≤100
936968016365794,The Eric Metaxas Radio Show,Salem Media,≤100
309798029121030,Everytown for Gun Safety,Everytown for Gun Safety Action Fund Inc,≤100
130449343291731,Ryan Binkley,BINKLEY FOR PRESIDENT 2024,≤100
6756153498,Mike Bloomberg,Bloomberg Philanthropies,≤100
60261764250,Childhelp,"CHILDHELP, INC.",≤100
76470053424,TIAA,TEACHERS INSURANCE AND ANNUITY ASSOCIATION OF AMERICA,≤100
38235851310,USA for UNHCR,UNITED STATES ASSOCIATION FOR UNHCR,≤100
428821014132730,Katie Porter,KATIE PORTER FOR SENATE,≤100
154561574598964,White Coat Waste Project,THE WHITE COAT WASTE PROJECT INC,≤100
323083351064533,The News Literacy Project,The News Literacy Project,≤100
123624513983,The Western Journal,The Western Journal,≤100
102415608852755,Settle In,INTERNATIONAL RESCUE COMMITTEE INC,≤100
113891694102,Energy Citizens,AMERICAN PETROLEUM INSTITUTE,≤100
498221457664032,DHL U.S.,"DHL EXPRESS (USA), INC.",≤100
147368882623027,Black Futures Lab,Black Futures Lab,≤100
107764430968176,Tuttle Twins TV Show,"Tuttle Twins Show, LLC",≤100
248539568517772,New Jersey League of Conservation Voters,NJ LEAGUE OF CONSERVATION,≤100
1958912674200535,The Pour Over,Pour Over,≤100
386305465057247,Liberty Nation,Liberty Nation,≤100
140357056032320,NEA Today,National Education Association,≤100
95135221781,Federal News Network,Federal News Network,≤100
86071521216,Second Amendment Foundation,SECOND AMENDMENT FOUNDATION INC,≤100
100484735718366,The Coalition for Carolina,Coalition for Carolina,≤100
7341997111,Conservation International,Conservation International,≤100
148205145252473,Backcountry Hunters & Anglers,Backcountry Hunters & Anglers,≤100
201248453800242,My Pay My Say,Mackinac Center for Public Policy,≤100
1606780826273282,The Committee to Unleash Prosperity,Committee to Unleash Prosperity Inc.,≤100
117196981332058,Let's Get Loud,Let's Get Loud,≤100
140499052681592,Bank of the West,BANK OF THE WEST,≤100
109320440856128,Stand Up to Jewish Hate,"Foundation to Combat Anti-Semitism, Inc.",≤100
289185555043843,Conservative Texans for Energy Innovation Foundation,Conservative Texans For Energy Innovation,≤100
93228695778,Tea Party Patriots,Tea Party Patriots,≤100
145034262195374,InSinkErator,InSinkErator_Whirlpool,≤100
56332452163,AMA Patients Action Network,American Medical Association,≤100
6165653060,AFSCME,AMERICAN FEDERATION OF STATE COUNTY & MUNICIPAL EMPLOYEES,≤100
1666922183524165,ReThink Energy NJ,ReThink Energy NJ,≤100
367292494407,AJC - American Jewish Committee,AMERICAN JEWISH COMMITTEE,≤100
19746387261,Humane Society International,Humane Society International,≤100
24481937944,Theodore Roosevelt Conservation Partnership,"THEODORE ROOSEVELT CONSERVATION PARTNERSHIP, INC",≤100
113193773704017,Select-Justice,"Select Justice, LLC",≤100
102568576103681,TPUSA Events,Turning Point USA,≤100
153446658100252,Lumina Foundation,Lumina Foundation,≤100
30139072158,CARE,CARE,≤100
103355385129734,The Climate Pledge,The Climate Pledge,≤100
25852730092,Care2,"Care2.com, Inc",≤100
8325302025,Friends of the Earth U.S.,Friends of the Earth,≤100
1435071773455316,Daily Wire,The Daily Wire,≤100
77278490877,National Corn Growers Association,NATIONAL CORN GROWERS ASSOCIATION INC,≤100
104214852367107,Friends of the Earth Action,Friends of the Earth Action,≤100
110480728196620,Small Business Digital Alliance,Small Business Digital Alliance,≤100
104253615152700,America First Legal,America First Legal Foundation,≤100
313723095478950,Daily Citizen,Focus on the Family,≤100
70874333603,CatholicVote,catholicvote.org,≤100
21492729544,Catholic Relief Services,CATHOLIC RELIEF SERVICES - UNITED STATES CONFERENCE OF CATHOLIC BISHOPS,≤100
101064776613325,Charles Tyrwhitt,These ads ran without a disclaimer,≤100
309308412520731,Sandy Hook Promise,Sandy Hook Promise,≤100
284293125336159,Regulatory Transparency Project,FEDERALIST SOCIETY FOR LAW & PUBLIC POLICY STUDIES,≤100
318196171580489,Ron DeSantis,Ron DeSantis for President,≤100
20787991568,Senate Democrats,DSCC,≤100
237477017606,Club for Growth,"CLUB FOR GROWTH, INC",≤100
80562389320,NARAL Pro-Choice America,NARAL PRO-CHOICE AMERICA CORP,≤100
103588388469410,Disparity Trap,Disparity Trap,≤100
243184199040637,Caring Across Generations,Caring Across Generations,≤100
83290028957,Care Net,CARE NET,≤100
42940254353,Human Rights Watch,"HUMAN RIGHTS WATCH, INC.",≤100
546066468753446,Black Health Matters,BLACK HEALTH MATTERS FOUNDATION INC,≤100
16534314739,Facing History & Ourselves,"FACING HISTORY AND OURSELVES NATIONAL FOUNDATION, INC.",≤100
104394262049761,Jeremy's Razors,The Daily Wire,≤100
57774720835,RESOLVE: The National Infertility Association,RESOLVE THE NATIONAL INFERTILITY ASSOCIATION (USED IN VA BY: RESOLVE INCORPORATED),≤100
234744096655497,Alliance For Early Success,Alliance for Early Success,≤100
103531607822207,Noticias para Inmigrantes,"Wise Rock Media, PBC",≤100
89855016270,National Conference of State Legislatures,National Conference of State Legislatures,≤100
108268161352786,Stanley M. Herzog Foundation,Herzog Foundation,≤100
1679521432262834,Physicians Grassroots Network,American Medical Association,≤100
5720973755,Defenders of Wildlife,DEFENDERS OF WILDLIFE,≤100
152264148166020,Moms Clean Air Force,Moms Clean Air Force,≤100
19554217292,American Heart Association: You're the Cure,American Heart Association,≤100
100768036281308,Right Our Story,Right Our Story,≤100
266602360083204,The Children's Trust,"CHILDREN'S TRUST, INC",≤100
1470540296409810,Fair Fight Action,FAIR FIGHT,≤100
105615041329523,Clear Start Tax Relief,These ads ran without a disclaimer,≤100
351310239372,Associated Republicans of Texas,Associated Republicans of Texas,≤100
166618413413767,Jay Sekulow,American Center for Law and Justice,≤100
6240652407,Young America's Foundation,Young America's Foundation Inc,≤100
645392368909975,carafem,carafem,≤100
238473269650980,Capital & Main,CAPITAL & MAIN,≤100
8047221596,Save the Children US,SAVE THE CHILDREN FEDERATION INC.,≤100
139034619493222,CUNY Citizenship Now,CUNY Citizenship Now!,≤100
103478796015358,Neverbackdown,NEVER BACK DOWN INC.,≤100
255062275778,Tim Tebow Foundation,TIM TEBOW FOUNDATION,≤100
100298938781,Robert Wood Johnson Foundation,THE ROBERT WOOD JOHNSON FOUNDATION,≤100
431019887282794,Tomorrow's World Today,Flying Cork,≤100
443329669123990,USAFacts,USAFacts Institute,≤100
267180743723148,National Geographic Society,National Geographic Society,≤100
428330877769054,Ask Anything,Ask Anything,≤100
118303441570966,Homeowner Smart,NATIONAL ASSOCIATION OF REALTORS,≤100
100758682697459,Mayday Health,"Mayday Medicines, Inc.",≤100
152065518140304,Wildlife Conservation Society,Wildlife Conservation Society,≤100
110947388286801,Charities for Vets,RAM Veterans Foundation,≤100
290851614930809,Combat AntiSemitism,Combat Hate Foundation,≤100
134452023239984,Human Coalition,Human Coalition,≤100
131618273567984,Jeff Landry,Landry for Louisiana,≤100
226999127329906,New York Immigration Lawyer,Law Office of Alena Shautsova,≤100
6502038524,First Book,FIRST BOOK,≤100
23875187730,Feeding America,Feeding America,≤100
12185972707,350.org,350 ORG,≤100
466164103423147,Thorn,Thorn,≤100
580610428636345,Fight for $15,Fight for $15,≤100
10524033745,Remote Area Medical - RAM,REMOTE AREA MEDICAL,≤100
279799525443906,HELPS Nonprofit,HELPS Nonprofit Law Firm,≤100
45393753416,Alliance Defending Freedom,Alliance Defending Freedom,≤100
7192716362,Amnesty International USA,"AMNESTY INTERNATIONAL OF THE U. S. A., INC.",≤100
106766938480768,The Jennifer Hudson Show,The Jennifer Hudson Show,≤100
40217893542,AIPAC,AIPAC,≤100
101374728149342,A Starting Point,A Starting Point LLC,≤100
141786816970,Cruise Lines International Association - CLIA,Cruise Lines International Association,≤100
197760674021143,Indivisible Guide,Indivisible Project,≤100
21218780346,Foreign Policy,FOREIGN POLICY,≤100
385473284886474,Hillsdale College,Hillsdale College,≤100
85452072376,NEWSMAX,"NEWSMAX MEDIA, INC.",≤100
945455208962159,For Everyone Collective,For Everyone Collective,≤100
19219803864,Tax Foundation,Tax Foundation,≤100
114633944922650,"Sunlyt, LLC","Sunlyt, LLC",≤100
103038286005731,Sourced Family Nurse Degree USA SP,These ads ran without a disclaimer,≤100
104873005081197,Repro Legal Defense Fund,IF/WHEN/HOW,≤100
1562713090633117,Operation Underground Railroad,OPERATION UNDERGROUND RAI,≤100
7292655492,MoveOn,MOVEON.ORG POLITICAL ACTION,≤100
121626482110,Operation Smile,OPERATION SMILE,≤100
321088559302,Keep America Beautiful,Keep America Beautiful,≤100
160630887998827,Let Them Live,Let Them Live,≤100
166194476728392,Center Street,"Hachette Book Group, Inc.",≤100
6266829799,Sherrod Brown,FRIENDS OF SHERROD BROWN,≤100
104483742449646,CenterClip,"CenterClip, Inc.",≤100
112735922758892,Charlie Kirk,"Turning Point USA, Inc.",≤100
780941275347834,Ilhan Omar,ILHAN FOR CONGRESS,≤100
105454117977117,Voices for Consumer Choice,Voices for Consumer Choice,≤100
1546952572205770,UAE USA United,The Embassy of the United Arab Emirates,≤100
84645912778,Prosperity Now,PROSPERITY NOW,≤100
116821227998416,Protect Women Ohio,Protect Women Ohio,≤100
127637620616803,Comcast Newsmakers,COMCAST CORPORATION,≤100
14957887077,Freedom House,"FREEDOM HOUSE, INC.",≤100
69983322463,Ted Cruz,TED CRUZ FOR SENATE,≤100
35335786143,Cat Electric Power,These ads ran without a disclaimer,≤100
304600892905134,Hillsdale College Online Courses,HILLSDALE COLLEGE,≤100
216311481960,Bill Gates,Bill Gates,≤100
108310235885897,Haymarket Books,"CENTER FOR ECONOMIC RESEARCH AND SOCIAL CHANGE, INC. THE",≤100
494259170754224,Keeping IDentities Safe,KEEPING IDENTITIES SAFE,≤100
673667436317733,Texas Consumer Association,Texas Consumer Association,≤100
107581521979054,Help For Our Seniors,Help For Our Seniors,≤100
8002590959,Rainforest Action Network - RAN,RAINFOREST ACTION NETWORK,≤100
43005439032,American Diabetes Association,American Diabetes Association,≤100
7860876103,Joe Biden,BIDEN VICTORY FUND,≤100
170491079663777,The Sentencing Project,"SENTENCING PROJECT INC, THE",≤100
106608038931801,Loyal Patriots,Loyal Patriots,≤100
7833534974,Florida Democratic Party,Florida Democratic Party,≤100
109352563640,Water.org,WATER.ORG INC.,≤100
6204742571,Sierra Club,SIERRA CLUB,≤100
416913748508616,We Welcome,We Welcome Refugees,≤100
103375628943529,Adam Frisch,Adam for Colorado,≤100
101869563236902,FreedomFest,FreedomFest,≤100
47429735799,Miami-Dade County Government,Miami-Dade County,≤100
101432317199,Blue Cross and Blue Shield Association,BLUE CROSS AND BLUE SHIELD ASSOCIATION,≤100
80824331898,Robert F. Kennedy Human Rights,Robert F. Kennedy Human Rights,≤100
202071006601223,GOOD PARTY,Good Party LLC,≤100
1272534336242476,CFR Education,Council on Foreign Relations,≤100
608578919186659,World Vision International,WORLD VISION INTERNATIONAL,≤100
250392878345035,The Focused Pastor,Focus on the Family,≤100
122676417488797,Christopher Bae for NYC Council,Christopher Bae for NYC Council,≤100
115379705206001,U.S. Department of Homeland Security Blue Campaign,U.S Department of Homeland Security Blue Campaign,≤100
105331908787374,Republican Accountability PAC,REPUBLICAN ACCOUNTABILITY PAC INC,≤100
90022052772,Williams,"WILLIAMS COMPANIES, INC., THE",≤100
112838648421750,Defend Clean Jobs,Defend Clean Jobs,≤100
111824001908,Hakeem Jeffries,JEFFRIES FOR CONGRESS,≤100
349068689306,Tim Scott,Tim Scott for America,≤100
297987334762,Jamie Raskin,Jamie Raskin for Congress,≤100
105377404649506,Solidarity Fund by Coworker,COWORKER SOLIDARITY FUND,≤100
311901101987,"The Seeing Eye, Inc.",SEEING EYE INC,≤100
130848666099,Business Forward,Business Forward Inc.,≤100
100466376050855,Real America Home,Real America Home,≤100
268382283265857,ASH: Action on Smoking & Health,Action on Smoking & Health,≤100
300992409852,Hoover Institution,Hoover Institution,≤100
359560497939415,Re-Elect Chief Hoskin and Deputy Chief Warner,Hoskin Warner,≤100
203805062990264,Ben Shapiro,The Daily Wire,≤100
474227102732389,Turning Point Action,Turning Point Action,≤100
10606591490,TIME,TIME USA LLC,≤100
105157841248307,No Filter Politics,No Filter Politics,≤100
223608490170,The Ruth Institute,The Ruth Institute,≤100
269348454714,IMB,"INTERNATIONAL MISSION BOARD OF THE SOUTHERN BAPTIST CONVENTION, THE",≤100
153678684700451,American Investment Council,AMERICAN INVESTMENT COUNCIL,≤100
487571108071357,Affordable Healthcare Coalition of NC,Affordable Healthcare Coalition of NC,≤100
110525900854803,Stenonymous,Christopher Michael Day,≤100
104107788684988,Tom Klingenstein,TomKlingenstein.com,≤100
113496178208014,Protecting Our Democracy,Protecting Our Democracy,≤100
5647744585,PETA (People for the Ethical Treatment of Animals),"PEOPLE FOR THE ETHICAL TREATMENT OF ANIMALS, INC.",≤100
384006901653736,The Moore Charitable Foundation,Moore Charitable Foundation,≤100
167586229923327,World Food Program USA,World Food Program USA,≤100
507070522767934,AACR Foundation,"AMERICAN ASSOCIATION FOR CANCER RESEARCH, INC.",≤100
29717379728,International Justice Mission,International Justice Mission,≤100
143089732792,Marsha Blackburn,Blackburn Tennessee Victory Fund,≤100
100992801635617,Conservative-American.org,Conservative American Strategies,≤100
50513265848,Citizens United,Citizens United,≤100
100608959502332,Andreia Reese - Terrell City Council District 5,Andreia Reese - Terrell City Council District 5,≤100
89234192992,American Heritage Education Foundation,"AMERICAN HERITAGE FILMS, LLC",≤100
169687486427698,Jentezen Franklin,FREE CHAPEL WORSHIP CENTER,≤100
11602044174,Independent Women's Forum,Independent Women's Forum,≤100
101674425989138,MIT Economics Survey on Climate Change,"MIT Climate Change Survey, MIT Department of Economics",≤100
72092591211,FBI – Federal Bureau of Investigation,Federal Bureau of Investigation,≤100
154899547637,TechnoServe,"TechnoServe, Inc",≤100
101330089548224,John Burrows for Congress,John Burrows for Congress,≤100
59386210330,American Lung Association,AMERICAN LUNG ASSOCIATION,≤100
314499212242,Pfizer,Pfizer Inc.,≤100
215968684159,AFT - American Federation of Teachers,American Federation of Teachers,≤100
12357407443,American Friends Service Committee,AMERICAN FRIENDS SERVICE COMMITTEE,≤100
110559892030960,An Army of Normal Folks,An Army of Normal Folks,≤100
100823275891880,Hippen for Virginia House of Delegates District 96,Susan Hippen for Virginia Beach,≤100
102486559194712,Private Equity Stakeholder Project,Climate Nexus - Rockefeller Philanthropy Advisors Sponsored Project,≤100
164498676940373,American Masters,WNET,≤100
7263476274,Mercy Corps,Mercy Corps,≤100
7515233409,"Mikey Weinstein, MRFF",MILITARY RELIGIOUS FREEDOM FOUNDATION,≤100
110026728309807,Strother for Virginia,Philip Strother,≤100
106583555450073,Bidencare Health Plans,Obamacareplans,≤100
332671562949,Diversey,"Diversey Holdings, LTD.",≤100
51379424899,Mercy Ships,MERCY SHIPS INTERNATIONAL,≤100
8321461609,MomsRising.org,MomsRising Together,≤100
60182072999,Lila Rose,Live Action,≤100
679171239164792,Supermajority,Supermajority,≤100
700941689954518,Defend Our Future,Defend Our Future,≤100
592707041080920,Stand Together,Stand Together Chamber of Commerce Inc.,≤100
18813753280,Human Rights Campaign,"HUMAN RIGHTS CAMPAIGN, INC.",≤100
103565195134756,America First Policy Institute,America First Policy Institute,≤100
142957224352,International Medical Corps,International Medical Corps,≤100
21472760578,C-SPAN,NATIONAL CABLE SATELLITE CORPORATION,≤100
21474437688,Deloitte,These ads ran without a disclaimer,≤100
17203056985,Partners In Health,Partners In Health,≤100
27817332304,American Foundation for Suicide Prevention,AMERICAN FOUNDATION FOR SUICIDE PREVENTION,≤100
372577693078008,"Saenz-Garcia Law, PLLC","Saenz-Garcia Law, PLLC",≤100
120798810959571,Elect Jake Sullivan For Sheriff,Jake Sullivan For Sheriff,≤100
114351251909317,MyBGE,BALTIMORE GAS & ELECTRIC COMPANY,≤100
1678616769061606,Southeastern Wind Coalition,Southeastern Wind Coalition,≤100
102204903345,The Vilcek Foundation,"VILCEK FOUNDATION, INC., THE",≤100
59877921429,Lutheran Immigration and Refugee Service,"LUTHERAN IMMIGRATION AND REFUGEE SERVICE, INC.",≤100
124506846628,Agape International Missions,AGAPE INTERNATIONAL MISSIONS,≤100
112642477582238,Mericanaf,AAF Nation,≤100
12596759677,RAICES,REFUGEE AND IMMIGRANT CENTER FOR EDUCATION AND LEGAL SERVICES,≤100
235039782048,Array of Hope,ARRAY OF HOPE,≤100
264567480852,Honor and Remember - Official Page,Honor and Remember - Official Page,≤100
131306317680000,Social Goods,"Social Goods, LLC",≤100
103047259150209,What I Want to Know with Kevin P. Chavous,"Stride, Inc.",≤100
103695769458,United States Mint,United States Mint,≤100
160352863985595,"Sumrell Sugg, Attorneys at Law",SUMRELL SUGG PA,≤100
101391906600,Live Action News,Live Action,≤100
50982313030,Food & Water Watch,Food & Water Watch,≤100
102490504962117,Phade products,Phade products,≤100
53674651369,SBA Pro-Life America,"SUSAN B. ANTHONY LIST, INC.",≤100
1832888600167903,JD for Arlington,JD for Arlington,≤100
108042828849242,Fi.so.vi,These ads ran without a disclaimer,≤100
397054531024452,COPS Training Portal,COPS Training Portal,≤100
1869687273277265,Run for Something,Run For Something PAC,≤100
34362997676,United States Holocaust Memorial Museum,UNITED STATES HOLOCAUST MEMORIAL MUSEUM,≤100
101759426184502,David Flippo,DAVID FLIPPO FOR NEVADA,≤100
102392018062460,Delegate A.C. Cordoza,FRIENDS OF AC CORDOZA,≤100
200650357207240,I Love My Freedom,I Love My Freedom,≤100
1731084720451495,Saprea,The Younique Foundation,≤100
109555958096522,The Breeze,These ads ran without a disclaimer,≤100
788559044606908,America Forward,NEW PROFIT INC,≤100
108917215450647,Jim Arrington For City Council,Jim Arrington For City Council,≤100
5644748986,National Wildlife Federation,NATIONAL WILDLIFE FEDERATION,≤100
21375324480,The Heritage Foundation,HERITAGE FOUNDATION (THE),≤100
90209763480,The Federalist Society,The Federalist Society,≤100
194626061640,Republican Party of Orange County,Republican Party of Orange County,≤100
1470540296409810,Fair Fight Action,FAIR FIGHT ACTION INC,≤100
114301413446447,The Climate Initiative,Kennebunkport Climate Initiative,≤100
158689780839317,vegan,vegan,≤100
928091877203916,Independent Women's Network,Independent Women's Network,≤100
19437978960,Chris Murphy,FRIENDS OF CHRIS MURPHY,≤100
262536810935097,Housing Is A Human Right,AIDS HEALTHCARE FOUNDATION,≤100
110624247393153,Republican Ads,"Republican Ads, LLC",≤100
11918108948,African Wildlife Foundation,AFRICAN WILDLIFE FOUNDATION,≤100
105561217523274,The Dispatch,"Dispatch Media, Inc.",≤100
79125112926,Students for Life of America,"STUDENTS FOR LIFE OF AMERICA, INC.",≤100
201956993160690,MRCTV,MEDIA RESEARCH CENTER,≤100
106905656797560,Nia Tero,Nia Tero Foundation,≤100
92729316952,Covanta,Covanta,≤100
106563958759988,Semafor,Semafor Inc.,≤100
111464544881905,America First News,America First News,≤100
104916968538177,TIS 이주공사,TIS VISA CORPORATION,≤100
100652668612020,Essential Plastics Coalition,"CENTER FOR CONSUMER FREEDOM, THE",≤100
1165715730222155,Consumer Choice Center,Consumer Choice Center,≤100
107084502280437,CA Union Careers,Protect Our Construction Careers,≤100
28126338304,Surfrider Foundation,"SURFRIDER FOUNDATION, INC",≤100
355783211719644,Veteran Caregivers of America,"Veteran Caregivers, LLC",≤100
2095417444068117,For Our Future MI,For Our Future Action Fund,≤100
786167111464006,Woodson Center,The Woodson Center,≤100
149220264647,ADL - Anti-Defamation League,Anti-Defamation League,≤100
1656590977890066,IDEO U,These ads ran without a disclaimer,≤100
1374906906166064,The Policy Circle,The Policy Circle,≤100
103552914774916,Science Moms,Potential Energy Coalition Inc,≤100
206226362732803,Inspire Clean Energy,"Inspire Energy Holdings, LLC",≤100
96491683438,"The Friends of Israel Gospel Ministry, Inc.","FRIENDS OF ISRAEL GOSPEL MINISTRY, INC, THE",≤100
105861441295494,97Percent,97PERCENT ORG INC,≤100
101704558574021,Lucas Kunce,Lucas Kunce for Missouri,≤100
87186661244,Johns Hopkins Bloomberg School of Public Health,Johns Hopkins Bloomberg School of Public Health,≤100
11111618026,Union of Concerned Scientists,"UNION OF CONCERNED SCIENTISTS, INC.",≤100
250937275581234,Problk Health,Problk Health LLC,≤100
70795936969,Children International,CHILDREN INTERNATIONAL,≤100
659878157406228,America's Warrior Partnership,America's Warrior Partnership,≤100
397451397375083,SHERo Mississippi,SHERo Mississippi,≤100
1914537155242810,Life: Powered,Texas Public Policy Foundation,≤100
110052089025541,"Tim Clue, Speaker and Comedian",Tim Clue,≤100
116546288359245,Heritage Action for America,HERITAGE ACTION FOR AMERICA,≤100
343714718985673,Think Wood,Think Wood,≤100
256367537714120,Rethink Church,United Methodist Communications,≤100
114710126648118,Republican Dogs,Republican Dogs,≤100
117132003409216,Andria McClellan,McClellan for VA Senate,≤100
105173311888160,Star and Bar,Star and Bar,≤100
104396194587918,C3 Solutions,Conservative Coalition for Climate Solutions,≤100
102426519271664,Free Easy Search,These ads ran without a disclaimer,≤100
38882699096,Polaris,POLARIS PROJECT,≤100
70484114314,National Multiple Sclerosis Society,These ads ran without a disclaimer,≤100
145973965440671,Carnegie Corporation of New York,CARNEGIE CORPORATION OF NEW YORK,≤100
497719423723034,Planned Parenthood California Central Coast,Planned Parenthood California Central Coast,≤100
106058025408954,Do No Harm Medicine,Do No Harm,≤100
882431925290123,BookBaby Bookshop,"DIY Media Group, Inc. dba BookBaby",≤100
58158120046,ACLJ,American Center for Law and Justice,≤100
68192000474,Sandals Resorts,These ads ran without a disclaimer,≤100
497348647140658,Point Source Youth,Point Source Youth,≤100
100540971962779,Localyst,"Accelerate Change, Inc.",≤100
10234472029,Council on Foreign Relations,Council on Foreign Relations,≤100
192609620649,The University of Chicago,The University of Chicago,≤100
252814820267,HIAS,HIAS,≤100
1832744013698336,Mahogany Mommies,Mahogany Mommies,≤100
115851611042,The Max Foundation,THE MAX FOUNDATION,≤100
6334782252,Oceana,Oceana,≤100
104588042638574,"Healing Minds, Powering Communities",These ads ran without a disclaimer,≤100
110483677935904,Team DeSantis,Ron DeSantis for President,≤100
1382031428685910,John Whitmire,John Whitmire Campaign,≤100
401240226922554,VoLo Foundation,VoLo Foundation,≤100
164966660351345,Hope Outfitters,Hope Outfitters,≤100
488740674837681,198 Methods,198 methods,≤100
13867925345,Equality Florida,Equality Florida,≤100
478363116268504,Teamsters United Local 700,Benjamin Perez,≤100
107308698272177,Gas Leaks Action,Gas Leaks Action,≤100
48530203934,The American Alpine Club,"AMERICAN ALPINE CLUB, THE",≤100
165858562140,Western Resource Advocates,WESTERN RESOURCE ADVOCATES,≤100
13185976173,National Aquarium,"NATIONAL AQUARIUM, INC.",≤100
154670481249867,PowerSwitch Action,PowerSwitch Action,≤100
150127528352944,Food Integrity Campaign,GOVERNMENT ACCOUNTABILITY PROJECT INC,≤100
159658557547960,Wall Street Journal Opinion,The Wall Street Journal,≤100
508244085895115,Lana Theis for State Senate,Committee to Elect Lana Theis,≤100
1196196390526965,Facebook Surveys,These ads ran without a disclaimer,≤100
2117589565128794,U.S. Customs and Border Protection,These ads ran without a disclaimer,≤100
118976257855213,Corporate Finance Institute - CFI,These ads ran without a disclaimer,≤100
21813808850,American Battlefield Trust,American Battlefield Trust,≤100
137690650043,Bain & Company,These ads ran without a disclaimer,≤100
219242560293,Meals on Wheels America,Meals On Wheels America,≤100
119088544461560,You Hurt My Feelings,These ads ran without a disclaimer,≤100
1946103095604765,Melinda Katz,Katz NYS,≤100
124383441363,Connecticut Education Association (CEA),CONNECTICUT EDUCATION ASSOCIATION,≤100
110752528341901,Brian Nietzel,Brian Bates Nietzel,≤100
215479992305641,Becoming Young,Becoming Young,≤100
143063095713907,Hep,"CDM PUBLISHING, LLC",≤100
305283975264,Pulmonary Hypertension Association,"PULMONARY HYPERTENSION ASSOCIATION, INC.",≤100
123857614319417,Texas Nationalist Movement,Texas Nationalist Movement,≤100
103338614839717,Peter S. Wenz,Peter S. Wenz,≤100
107077981585236,"Debt Elimination NOW, Neeley Law","Debt Elimination NOW, Neeley Law",≤100
163148530407080,Captain Mark Kelly,MARK KELLY FOR SENATE,≤100
165566613453452,ERLC,ETHICS AND RELIGIOUS LIBERTY COMMISSION OF THE SOUTHERN BAPTIST,≤100
130945114804,World Jewish Congress,WORLD JEWISH CONGRESS AMERICAN SECTION INC,≤100
2188424341404612,Project Ready,Project Ready,≤100
119938547748319,Navigator Research,Navigator Research,≤100
130268756992804,Yale Climate Connections,Yale Climate Connections,≤100
102592959026,Ocean Conservancy,"OCEAN CONSERVANCY, INC.",≤100
108448004014806,Tim Anderson For Virginia,Friends of Tim Anderson,≤100
127668823933246,The NewDEAL,NEWDEAL,≤100
102784439507886,"Burzichelli, Simmons, and Bailey for LD-3","Burzichelli, Simmons, and Bailey",≤100
174467403129304,Townhall USA,Yoopine Inc.,≤100
2602473023098666,Democratic Polling Center,Democratic Governors Association,≤100
110099228407333,Chevron Advocacy Network,Chevron Advocacy Network,≤100
105753898811449,Align Us,Kyle Reyes,≤100
23311628592,Heartland Alliance,Heartland Alliance for Human Needs & Human Rights,≤100
123299894099038,Best News,These ads ran without a disclaimer,≤100
7035457015,Brave New Films,BRAVE NEW FOUNDATION 501(C)(3),≤100
110170005258857,Klicked Digital,DeDonato Enterprises,≤100
243498882520314,FoodFinder,"FOODFINDER, INC.",≤100
104361158914089,ViX,These ads ran without a disclaimer,≤100
205795426669644,Facts and Logic about the Middle East,Facts and Logic About the Middle East,≤100
702582586516561,CBN Israel,The Christian Broadcasting Network,≤100
552580508224925,Chan Zuckerberg Initiative,"CHAN ZUCKERBERG INITIATIVE, LLC",≤100
192013990902459,Roy Cooper,Cooper for North Carolina,≤100
161994493811699,Conservation Lands Foundation,Conservation Lands Foundation,≤100
56074851990,Truth Initiative,TRUTH INITIATIVE FOUNDATION,≤100
8524198486,Physicians Committee for Responsible Medicine,"PHYSICIANS COMMITTEE FOR RESPONSIBLE MEDICINE, INC.",≤100
101178056237537,Alaska Public Pension Coalition,Alaska Public Pension Coalition,≤100
113858467992659,David Owen for Delegate,Friends of David Owen,≤100
169042736456594,All Out,All Out Action Fund.,≤100
307930162724,California Faculty Association,California Faculty Association,≤100
644308565682800,Tanya Acker,Tanya Marie Acker,≤100
30914589895,The International Fellowship of Christians and Jews,"INTERNATIONAL FELLOWSHIP OF CHRISTIANS & JEWS, INC.",≤100
268672113155656,The Expectations Project,THE EXPECTATIONS PROJECT INC,≤100
59543893235,National Constitution Center,National Constitution Center,≤100
109736674813587,US MADE Coalition,"US Manufacturers Association for Development and Enterprise, Inc.",≤100
114982931437267,John Gomes for Mayor,JOHN GOMES FOR MAYOR,≤100
113340148403067,Kaufman Election Research,Jonathan Glenn Kaufman,≤100
101267705869524,OLAS Media,OLAS Media,≤100
138920486202280,VOTE411,League of Women Voters Education Fund,≤100
103766225640972,Darrell Watson for Denver,Watson for Denver,≤100
106834545428519,Matt Wiltshire for Mayor,Matt for Mayor,≤100
309798029121030,Everytown for Gun Safety,Everytown for Gun Safety Support Fund Inc,≤100
70531357576,Freedom Forum,"FREEDOM FORUM INC, THE",≤100
337038226473839,Trish Regan,"SALEM MEDIA GROUP, INC.",≤100
1620937204819048,Wildlife Trafficking Alliance,American Association of Zoological Parks & Aquariums,≤100
121940824138795,North Carolina Association of Health Plans,"North Carolina Association of Health Plans, Inc",≤100
414460489293669,Celeste Friend for Mayor of Utica,Celeste M Friend,≤100
456241404585568,Mayor David Suarez,Mayor David Suarez,≤100
115951664768112,Pam Hathaway for Court of Appeals,The Committee to Elect Pam Hathaway,≤100
100228578609374,Voteasif,Jennifer Marie Pittman,≤100
108512875350,The Atlas Society,The Objectivist Center Ltd,≤100
103592378623592,Truth Over Tribe,Truth Over Tribe,≤100
160225016065,MIT Sloan Management Review,These ads ran without a disclaimer,≤100
17414523278,Democracy Now!,DEMOCRACY NOW,≤100
294662757260700,Ibotta,These ads ran without a disclaimer,≤100
101401528499337,"Commissioner Kionne McGhee, District 9",Kionne L. McGhee,≤100
214061167976,El Tiempo Latino,Center for Community Change Action,≤100
84112077638,Greater Good Charities,GREATERGOOD.ORG,≤100
1534290989956166,Philanthropy Roundtable,"PHILANTHROPY ROUNDTABLE, THE",≤100
303374266418976,AFPM,American Fuel & Petrochemical Manufacturers,≤100
292609197767445,Infiniscope,These ads ran without a disclaimer,≤100
2245766435469741,Beersy,Beersy LLC,≤100
122742807774775,Municipal Water District of Orange County,Municipal Water District of Orange County,≤100
524399207959953,Truth & Liberty Coalition,Truth & Liberty Coalition,≤100
681626158940626,Mission Roll Call,Americas Warrior Partnership,≤100
187005858017014,Climate Power,Climate Power,≤100
431891506856669,Dove,Unilever,≤100
2255535767896743,Mark Robinson,Friends of Mark Robinson,≤100
349800859019034,The 19th News,The 19th,≤100
269908037561,Missourians to Abolish the Death Penalty,Missourians to Abolish the Death Penalty,≤100
168876449866088,The Years Project,THE YEARS PROJECT,≤100
427084097477881,AHIP,America's Health Insurance Plans,≤100
7735858972,Humane Society Legislative Fund,Humane Society Legislative Fund,≤100
105383531133271,Nancy Young for Tracy Mayor,Nancy Young for Tracy Mayor 2020,≤100
100470349235347,Gulf Coast Guard,Texas Campaign for the Environment,≤100
102666612797740,Kenny Gingles for DeSoto Parish Sheriff,Kenny Gingles for Sheriff,≤100
1210731362318596,Senator Joe Pennacchio,Senator Joe Pennacchio,≤100
51777680227,Beaches Resorts,These ads ran without a disclaimer,≤100
101586078357081,Peter Demos,Peter Demos,≤100
377572616357769,Russ Vernon-Jones' Blog,"Coming Together: Understanding Racism, Working for Justice & Building Connections",≤100
393076844046051,Progressive Caucus,CONGRESSIONAL PROGRESSIVE CAUCUS PAC,≤100
342294162453301,Planned Parenthood,These ads ran without a disclaimer,≤100
332028597354723,National Partnership for Women & Families Action Fund,National Partnership for Woman & Families Action Fund,≤100
14893370225,Sustainable Harvest International,SUSTAINABLE HARVEST INTERNATIONAL,≤100
111362087093652,Paul Berry,Friends of Paul Berry,≤100
125937197447634,ACTA - American Council of Trustees and Alumni,AMERICAN COUNCIL OF TRUSTEES AND ALUMNI,≤100
134885533244827,"D. Miller & Associates, PLLC",These ads ran without a disclaimer,≤100
104592541801036,Camden Strong,Camden City Democratic Committee,≤100
100781276221423,Protect Choice Ohio,OHIO PHYSICIANS FOR REPRODUCTIVE RIGHTS PAC,≤100
240937060405,Center for Science in the Public Interest (CSPI),Center for Science in the Public Interest,≤100
311536622860495,SoCal Daily Pulse,SoCal Daily Pulse,≤100
105334892381660,AmericanTowns Politics,AMERICAN TOWNS,≤100
96935476345,Democratic Governors Association (DGA),"Democratic Action, democraticgovernors.org, not authorized by any candidate or candidate's committee.",≤100
711478725532801,Civiqs,Civiqs,≤100
46347342434,EMILYs List,EMILY'S LIST,≤100
109599248636777,Consumer Credit Card Protection Coalition,CONSUMER CREDIT CARD PROTECTION COALITION,≤100
11309713071,Gates Foundation,Bill and Melinda Gates Foundation,≤100
100403528653081,Punchbowl News,Punchbowl News,≤100
19575923823,Farm Sanctuary,"Farm Sanctuary, Inc.",≤100
93692255431,Bread for the World,"BREAD FOR THE WORLD, INC.",≤100
107414074990650,Defense of Freedom Institute,"Defense of Freedom Institute for Policy Studies, Inc.",≤100
182620315479,Plan International USA,Plan International USA,≤100
109912691682580,Zee Clarke,Zee Clarke,≤100
100781258379575,SOAA - Special Operations Association of America,Special Operations Association of America,≤100
395437707314655,Regeneron,Regeneron,≤100
182574111780105,California Bicycle Coalition,California Bicycle Coalition,≤100
76523801829,the Christian Century,CHRISTIAN CENTURY,≤100
122531741163825,American Liver Foundation,AMERICAN LIVER FOUNDATION,≤100
1578950708890854,Lowermyrx,These ads ran without a disclaimer,≤100
164771506031,Claremont Institute,"CLAREMONT INSTITUTE FOR THE STUDY OF STATESMANSHIP AND POLITICAL  PHILOSPHY, THE",≤100
104175362696063,Advantage Relief Programs,Advantage Relief Programs,≤100
105169114225957,Coalition for Responsible Exit,Coalition for Responsible Exit,≤100
64974200999,America-Israel Friendship League,AMERICA-ISRAEL FRIENDSHIP LEAGUE,≤100
192738164073627,A Better Balance,A Better Balance,≤100
107645227592678,To Which We Belong,Mystic Artists,≤100
51405613519,Focus on the Family,Focus on the Family,≤100
74261463421,AFSCME Council 28 WFSE,"WASHINGTON FEDERATION OF STATE EMPLOYEES, AFL-CIO",≤100
110912082314613,Bay Area Recycling Outreach Coalition (BayROC),These ads ran without a disclaimer,≤100
101882882493702,Flavors Hook Oregon Kids,Flavors Hook Oregon Kids,≤100
103238778955825,Southern Africa Field Conservation Project,These ads ran without a disclaimer,≤100
180381489134,Chris Christie,Chris Christie,≤100
101466816025710,Renew Healthcare,Quantum Digital Media Inc.,≤100
27311599342,Preemptive Love,Preemptive Love Coalition,≤100
657708380952174,Voices of the Civil Rights Movement,Comcast,≤100
1655902584658058,Comcast,These ads ran without a disclaimer,≤100
896759427103774,Modern Medicaid Alliance,Modern Medicaid Alliance,≤100
18983389920,Open Society Foundations,Open Society Foundations,≤100
117956368577,Charlie Geren,Charlie Geren Campaign,≤100
87377228013,Side with Love,UNITARIAN UNIVERSALIST ASSOCIATION,≤100
100158948453494,Lars for President,LARS MAPSTEAD FOR PRESIDENT,≤100
7219151423,The Fund for American Studies (TFAS),FUND FOR AMERICAN STUDIES,≤100
445640168934708,Senator Chad McMahan,Chad Mcmahan,≤100
186977768011413,Ironworkers Rising,"International Association of Bridge, Structural, Ornamental, and Reinforcing Iron Workers",≤100
149551598424903,Boys Town,These ads ran without a disclaimer,≤100
174941115857811,Campaign for Southern Equality,Campaign for Southern Equality,≤100
183178002499514,Niamh M Middleton,Niamh M Middleton,≤100
88410949777,Population Media Center,"POPULATION MEDIA CENTER, INC.",≤100
7962229886,Environmental Working Group,ENVIRONMENTAL WORKING GROUP,≤100
106124975682358,Jimmy Fondren for Mississippi House District 111,Committee To Elect Jimmy Fondren,≤100
107896011593247,Ms C Notes,These ads ran without a disclaimer,≤100
103152485614629,The Health Insurance Group,These ads ran without a disclaimer,≤100
275947565591,"Woods and Woods, LLC, The Veteran's Firm","Woods & Woods, LLC",≤100
101162406318708,ritikasanmit,These ads ran without a disclaimer,≤100
122625204148635,A Climate Change with Matt Matern,These ads ran without a disclaimer,≤100
138492335404,Scott Walker,FORWARD USA FEDERAL POLITICAL ACTION COMMITTEE,≤100
106566990678734,Friends of Dennis Whittie,Friends of Dennis Whittie,≤100
113731336694,Goldwater Institute,"GOLDWATER INSTITUTE ,THE",≤100
107661474402498,Liberty Eagle Apparel,United Patriot,≤100
114226275387369,republicEn,republicEn,≤100
398233886974905,Mike Grieco for Miami Beach Mayor,"Mike Grieco for Miami Beach Mayor, non-partisan",≤100
104491841664875,Country First,"Country First Action, Inc.",≤100
105262214656631,publicadvocateus,These ads ran without a disclaimer,≤100
2032492920393344,UIHS- Health Promotion Education,These ads ran without a disclaimer,≤100
138290759549138,Hope Clinic,Hope Clinic for Women,≤100
172758932738142,PhRMA,PHARMACEUTICAL RESEARCH AND MANUFACTURERS OF AMERICA,≤100
1804156426550062,Tim Kennedy for Senate,KENNEDY FOR SENATE,≤100
112078117033545,Suffer the Little Children,Laine E Hissett,≤100
106959920878115,The Well Done Foundation,"WELL DONE FOUNDATION, INC.",≤100
692143357580562,64 Parishes,Louisiana Endowment for the Humanities,≤100
225422650854192,Election Systems & Software,Election Systems & Software,≤100
203156483151292,PassionLife,PassionLife Ministries,≤100
300748678230,Tennessee Department of Economic and Community Development,Tennessee Department of Economic and Community Development,≤100
694073450689240,Wes Nofire,WES NOFIRE,≤100
291391758252756,Wyoming Coalition for a Healthy Retirement,NATIONAL PUBLIC PENSION COALITION,≤100
101224002310757,Seven Weeks Coffee,Seven Weeks Coffee,≤100
240719919410268,Elect Ellington,Elect Ellington,≤100
112327913904939,lizpostsart,These ads ran without a disclaimer,≤100
489576955153254,Pride Palace,These ads ran without a disclaimer,≤100
1539972792944463,Forge Leadership Network,Forge Leadership Network,≤100
5435784683,Greenpeace USA,"GREENPEACE, INC.",≤100
117852011575387,Unitarian Universalist Fellowship of Winston-Salem,UNITARIAN UNIVERSALIST FELLOWSHIP,≤100
1593518174052711,Candace Owens,The Daily Wire,≤100
179740812490230,BritBoxTV,These ads ran without a disclaimer,≤100
100570968400093,BASE Southern Oregon,These ads ran without a disclaimer,≤100
220873174076,Animal Equality,ANIMAL EQUALITY,≤100
244904222354055,Florida Immigration Law Counsel,These ads ran without a disclaimer,≤100
100373975829221,Fòs Feminista Org,Fòs Feminista,≤100
121268821249550,World Central Kitchen,World Central Kitchen,≤100
102797567875082,Erika Erickson Malinoski - Author,Erika Erickson Malinoski,≤100
101243918072245,"Daniel Donnelly, Libertarian",Daniel Donnelly,≤100
268742029966978,PowerToFly,These ads ran without a disclaimer,≤100
203805062990264,Ben Shapiro,Daily Wire,≤100
114765400352270,Kite & Key Media,VMTS EDUCATION INC,≤100
203294399456,Public Interest Registry,Public Interest Registry,≤100
104728131848361,Offshore Wind For North Carolina,Southeastern Wind Coalition,≤100
101716172441500,Brennan Center en Español,"WILLIAM J. BRENNAN CENTER FOR JUSTICE, INC.",≤100
100740649593599,Agave Care,These ads ran without a disclaimer,≤100
25829883613,America's Voice,These ads ran without a disclaimer,≤100
107618578223660,California Courier,California Courier,≤100
161107820658032,La Red Hispana,"HISPANIC COMMUNICATIONS NETWORK, LLC",≤100
102349582301056,matus_brothers,These ads ran without a disclaimer,≤100
105693485825062,305.tzoe,These ads ran without a disclaimer,≤100
118152441212175,Digital Innovation for America,Digital Innovation for America,≤100
213191459362508,Steve Descano,Friends of Steve Descano,≤100
75553755070,Michael Smerconish,Michael Smerconish,≤100
102982472808024,Solar Power Northwest,These ads ran without a disclaimer,≤100
110287628412083,photojusticemovement,These ads ran without a disclaimer,≤100
107178831882244,San Diego Signal,San Diego Signal,≤100
6355071377,American Cancer Society Cancer Action Network - ACS CAN,AMERICAN CANCER SOCIETY CANCER ACTION NETWORK INC,≤100
309243203308743,Gregg Potter,These ads ran without a disclaimer,≤100
107454490912636,Jewish Future Pledge,Jewish Future Pledge Inc,≤100
307577909645,Elizabeth River Project,ELIZABETH RIVER PROJECT,≤100
163662804426854,Life Advancement Group,Life Advancement Group,≤100
103728861917891,Mayor Jamie D. Watts,Jamie D. Watts,≤100
911845658833043,I Am An Immigrant,FWD.us Education Fund,≤100
94047978366,PCCC - BoldProgressives.org,PROGRESSIVE CHANGE CAMPAIGN COMMITTEE,≤100
164049599660,Catholic Relief Services en español,CATHOLIC RELIEF SERVICES,≤100
689908101020054,Unified Patents,Unified Patents LLC,≤100
160005659383,PreBorn,"MISSION: PRE-BORN, INC.",≤100
161183970656851,Ruben Gallego,GALLEGO FOR ARIZONA,≤100
106986341085385,MLE Of The Maury Seldin LLC,MLE Of The Maury Seldin LLC,≤100
103082819375063,For a Better Bayou,For a Better Bayou,≤100
145452432841937,Candi CdeBaca,Candi for Council,≤100
153080620724,Donald J. Trump,TRUMP SAVE AMERICA JOINT FUNDRAISING COMMITTEE,≤100
366741496830,Southern California Edison (SCE),Southern California Edison,≤100
109444044993795,terpenetherapypodcast,These ads ran without a disclaimer,≤100
105011228482985,"Zwicker, Freiman, and Drulis for the 16th Legislative District",16 District Democrats,≤100
111576364644366,Photoshop Express,These ads ran without a disclaimer,≤100
104908071917505,Welcome.us,Welcome.us,≤100
118197471568260,Dior,These ads ran without a disclaimer,≤100
106925294739244,Advancing American Freedom,Advancing American Freedom Inc,≤100
107150944064036,Winning for Alabama,Winning for Alabama,≤100
108293898875429,President Trump Supporters,I Love My Freedom,≤100
427656937297996,Diario Las Americas,LAS AMERICAS MULTIMEDIA GROUP LLC,≤100
115607544733263,Representative Daniel Hobbs,Maine House Majority,≤100
1428755447227803,Defend The Second,Next Level Goods,≤100
161151357262063,Fountain House,"FOUNTAIN HOUSE, INC.",≤100
126893748252841,American Firearms Association,American Firearms Coalition,≤100
407902639235640,JNS.org,Jewish News Syndicate,≤100
74470852653,Mike Pompeo,Champion American Values PAC,≤100
74783093812,Just Vision,JUST VISION INC,≤100
430869277025501,Dr. Nancy O'Reilly,"WOMEN CONNECT4GOOD, INC.",≤100
282678798501046,"City of Lancaster, PA","LANCASTER, CITY OF",≤100
38471053686,Elizabeth Warren,"WARREN FOR SENATE, INC.",≤100
289211711181662,Fuente Latina,These ads ran without a disclaimer,≤100
993294760683044,Education Reform Now,EDUCATION REFORM NOW ADVOCACY INC,≤100
102176712079037,Daily Floridian,Daily Floridian,≤100
259212814698356,Democratic Majority for Israel,Democratic Majority for Israel,≤100
110500138688143,𝐒𝐃 𝐕𝐈𝐒𝐈𝐎𝐍,These ads ran without a disclaimer,≤100
317284821682168,Messianic Jewish Alliance of America (MJAA),Messianic Jewish Alliance of America,≤100
109881960731839,Tru Blue Media,These ads ran without a disclaimer,≤100
100416560012896,Friends of the Everglades,FRIENDS OF THE EVERGLADES INC,≤100
1663301430650007,Michael Kimelman,"Dekryption, LLC",≤100
109616752034038,Marisa Alcaraz for City Council,Marisa Alcaraz for City Council 2023 General,≤100
197760674021143,Indivisible Guide,INDIVISIBLE ACTION,≤100
30996234553,Develop Africa,These ads ran without a disclaimer,≤100
929799807078079,CITIZENARTS,CITIZENARTS EDUCATION COMPANY,≤100
282159125529675,Fifth Wall,These ads ran without a disclaimer,≤100
6808755897,Governing,e.Republic,≤100
101810652152706,Ship It Zero,PACIFIC ENVIRONMENT AND RESOURCES CENTER,≤100
8501031021,VoteVets.org,VOTEVETS,≤100
55053345685,Pretrial Justice Institute,PRETRIAL JUSTICE INSTITUTE,≤100
28483858161,Texas Scorecard,ScorecardMedia,≤100
36085812354,Rainforest Foundation US,"Rainforest Foundation, Inc.",≤100
292351509697,Jerusalem Prayer Team,Jerusalem Prayer Team,≤100
112599420160392,When Does Life Begin,These ads ran without a disclaimer,≤100
48994809349,Ms. Foundation for Women,MS FOUNDATION FOR WOMEN INC,≤100
764284030332485,Abortion Access Front,Abortion Access Front,≤100
38236386996,LSU Press,LSU Press,≤100
104913132492367,Maureen Coffey,Friends of Maureen Coffey,≤100
1600352356914768,PushBlack,PushBlack,≤100
132727027570596,Yoga Medicine Seva Foundation,These ads ran without a disclaimer,≤100
17382403969,"The Lesbian, Gay, Bisexual & Transgender Community Center",LESBIAN & GAY COMMUNITY SERVICES CENTER INC.,≤100
408250066356,Bill O'Reilly,"Bill Me, Inc.",≤100
101377889168483,Gumbo Limbo Coastal Stewards,"Gumbo Limbo Coastal Stewards, Inc.",≤100
129064750465027,Women's Earth Alliance,Earth Island Institute,≤100
442369942871531,Michelle McKissack,COMMITTEE TO ELECT MICHELLE MCKISSACK,≤100
613924535450605,Daniel L. Hatcher,Daniel Landon Hatcher,≤100
106706932722061,Hunger Free Colorado,HUNGER FREE COLORADO,≤100
109383375484483,is.my.microphone.on,These ads ran without a disclaimer,≤100
261951940219,Goldman Environmental Prize,Goldman Environmental Foundation,≤100
491936617555056,"Jeffersonian Group, LLC",These ads ran without a disclaimer,≤100
129278807814364,Women of Welcome,Women of Welcome,≤100
523938087747648,Catapult,Catapult,≤100
458643554482238,Uri Velez La Sra de los Seguros,Euridis Velez,≤100
37461287798,Jesuit Refugee Service/USA,JESUIT REFUGEE SERVICE INC,≤100
119953292796,Jim Banks,BANKS FOR SENATE,≤100
115387444765611,Rep. Gabe Vasquez,U.S. Representative Gabe Vasquez,≤100
482869205100278,Neema Project,Neema Project,≤100
110442961603215,Yikes Today,Yikes Today,≤100
207985279219826,AARP Rhode Island,AARP,≤100
110577068679152,Haus Cordray for DeSoto Parish Assessor,Haus Cordray for DeSoto Assessor,≤100
122488411155688,The Vinyl Studio,These ads ran without a disclaimer,≤100
8936818385,Accuracy in Media,Flo Communications,≤100
128288676833,Rocky Mountain Elk Foundation,"ROCKY MOUNTAIN ELK FOUNDATION, INC.",≤100
131664893560695,Origins OSU,Origins: Current Events in Historical Perspective,≤100
152805068084070,PBS North,These ads ran without a disclaimer,≤100
67945990059,The American Petroleum Institute,The American Petroleum Institute,≤100
1163811040367180,Food & Water Action,FOOD & WATER ACTION,≤100
153278754738777,Climate Reality,The Climate Reality Project,≤100
104290814737271,larimarcounselconsult,These ads ran without a disclaimer,≤100
19984154032,Great Performances l PBS,WNET,≤100
36872302227,Cory Booker,CORY BOOKER FOR SENATE,≤100
312657362217994,Women's Heart Alliance,Women's Heart Alliance,≤100
83865976093,Truthout,TRUTHOUT,≤100
106159299124846,Dirk Guidry for Parish President,Dirk Guidry for Parish President,≤100
115327994830629,Coalition with STL Kids,Coalition with STL Kids,≤100
102003549054058,talibov13,These ads ran without a disclaimer,≤100
105759761047954,Capitol Ballroom Council,Kenya Anthony Hutton,≤100
212677670907,American Constitution Society,AMERICAN CONSTITUTION SOCIETY,≤100
214061167976,El Tiempo Latino,MASTV EL PLANETA LLC,≤100
107934381079489,Select Fire Apparel,Mark Anthony Penn,≤100
55708608675,RAND Corporation,"RAND CORPORATION, THE",≤100
1443127535947107,Save the Children Action Network,Save the Children Action Network,≤100
13642915529,Detroit Free Press,These ads ran without a disclaimer,≤100
25372476424,Best Friends Animal Society,BEST FRIENDS ANIMAL SOCIETY,≤100
105815445626322,cal.interpreters,These ads ran without a disclaimer,≤100
60000664446,Alzheimer's Association,"ALZHEIMER'S DISEASE AND RELATED DISORDERS ASSOCIATION, INC.",≤100
1425435377743310,Conversations with Bill Kristol,FOUNDATION FOR CONSTITUTI,≤100
106551527444734,solnamoosong,These ads ran without a disclaimer,≤100
671704926189978,Dan Benson for NJ,Friends of Dan Benson,≤100
68680511262,NFL,NFL PROPERTIES LLC,≤100
570953166908066,Vivek Ramaswamy,VIVEK 2024,≤100
110162251288958,Rob Kovic for Assembly,Rob Kovic for Assembly,≤100
2053678114723700,President Trump's Patriot Army,I Love My Freedom,≤100
117178991272653,Melinda Bourgeois,Melinda Bourgeois,≤100
97466887664,Innocence Project,"INNOCENCE PROJECT, INC., THE",≤100
5970146660,Community Change,Center for Community Change Action,≤100
227594571444676,Building New York's Best,Carpenter Contractor Alliance of Metropolitan New York,≤100
1396813160357209,We.REIGN,These ads ran without a disclaimer,≤100
8914040942,Chesapeake Bay Foundation,"CHESAPEAKE BAY FOUNDATION, INC., THE",≤100
206202032757114,Nature and Culture International,NATURE AND CULTURE INTERNATIONAL,≤100
95001097200,National Association of Manufacturers,NATIONAL ASSOCIATION OF MANUFACTURERS OF THE UNITED STATES OF AMERICA INC.,≤100
1599237673639735,Change Media Group,Change Media Group,≤100
482208828521358,Rachel Carson Council,These ads ran without a disclaimer,≤100
115629791509819,Stateline,States Newsroom,≤100
1706206872929391,Carlyn Obringer,Carlyn Obringer for Concord City Council,≤100
21090771700,Gun Owners of America,Gun Owners of America,≤100
345751305447288,Daugherty Water for Food Global Institute,Daugherty Water for Food Global Institute,≤100
108970206976,World Vision USA,WORLD VISION INC.,≤100
190697157619887,Freedom Foundation,Freedom Foundation,≤100
102424628136213,Q.ai - a Forbes company,These ads ran without a disclaimer,≤100
44409199155,Amazon Conservation Team,AMAZON CONSERVATION TEAM,≤100
100913694925880,"Akalan Law Firm, PLLC","Akalan Law Firm, PLLC",≤100
107008774760761,Color Us United,Color Us United,≤100
984421991732710,Paycheckology,Paycheckology,≤100
302111635698,National Association of Tax Professionals (NATP),National Association of Tax Professionals,≤100
2070944712939738,American Police Officers Alliance,American Police Officers Alliance,≤100
101400032438085,The A-Mark Foundation,A MARK FOUNDATION,≤100
38234604057,PEN America,PEN AMERICAN CENTER INC,≤100
102301301467428,Mazlow,These ads ran without a disclaimer,≤100
288369791569,SEIU 721,SEIU Local 721,≤100
112398721749303,pinkhairolelady_business,These ads ran without a disclaimer,≤100
102307696089436,Every Woman is Worthy,"Every Woman is Worthy, LLC",≤100
106964599004768,Lilihub,These ads ran without a disclaimer,≤100
100652402259075,The Intersect,Accelerate Change Inc,≤100
539236759575992,Lateefah Simon,Lateefah for Congress,≤100
143173285763,Tenth Amendment Center,Tenth Amendment Center,≤100
15503839732,Peter G. Peterson Foundation,Peter G. Peterson Foundation,≤100
110441577078497,Future Leaders Fund,Future Leaders Fund,≤100
33110852384,Doctors Without Borders/Médecins Sans Frontières (MSF),These ads ran without a disclaimer,≤100
104979848524405,Starts With Us,Lubetzky Family Foundation,≤100
148183925283127,Oregon Head Start Association,Oregon Head Start Association,≤100
899843763521678,Call Center Workers United,"COMMUNICATIONS WORKERS OF AMERICA, AFL-CIO, CLC",≤100
9785626650,Public Citizen,Public Citizen,≤100
941593962677066,Stella Pekarsky,Friends of Stella G Pekarsky,≤100
169668596476550,AFSCME en Español,AMERICAN FEDERATION OF STATE COUNTY & MUNICIPAL EMPLOYEES,≤100
388608874845516,Joy Ofodu,Unilever USA,≤100
100684991996307,November Coalition,NOVEMBER COALITION,≤100
103886259329726,US Loan Center,US Loan Center Advantage,≤100
147344832098401,Maricopa County Sheriff's Office,Maricopa County Sheriff's Office,≤100
104834210883,The Story of Stuff Project,The Story of Stuff Project,≤100
248181906078243,National Institute for Civil Discourse,CommonSense American,≤100
103762036034439,Unblock Humanity,Unblock Humanity,≤100
55804331295,Texas Association of Business,TEXAS ASSOCIATION OF BUSINESS,≤100
432172126823423,Alexandra Lozano Law,These ads ran without a disclaimer,≤100
77485293762,Associated General Contractors of Maine,Associated General Contractors of Maine,≤100
21506845769,The Jimmy Fund,These ads ran without a disclaimer,≤100
19774119425,Habitat for Humanity,Habitat for Humanity International,≤100
114815495852638,Public Rights Project,PUBLIC RIGHTS PROJECT,≤100
568103006940639,Law Office of Gary J. Kim,Law Offices of Gary J. Kim,≤100
103630631813460,Power to the Patients,Power to the Patients,≤100
85945492130,EnergyBoom,Energy Boom,≤100
2254455051442790,Patriot Depot,Flag & Cross,≤100
109068551731974,Sillychillly,Marc Alan Goldstein,≤100
24413227922,Kamala Harris,BIDEN VICTORY FUND,≤100
101500922490329,Studio 3,Jamie Moshe Straz,≤100
162069790604,AARP Arizona,AARP,≤100
198119286865213,Austin Interfaith,AUSTIN INTERFAITH,≤100
813580432032274,Grit Gear Apparel,These ads ran without a disclaimer,≤100
58043814556,Oklahoma City Memorial Marathon,Oklahoma City Memorial Marathon,≤100
101236075978217,Alex Murgueitio,These ads ran without a disclaimer,≤100
59572733353,GREY2K USA,GREY2K USA,≤100
101422986006149,Dyme.Earth,Dyme Digital Inc,≤100
555787351119974,Coalition to Protect America's Health Care,Coalition to Protect America’s Health Care,≤100
530565677106156,Elect Maurice Brown,Friends of Mo Brown,≤100
102748688472759,Parents Defending Education,Parents Defending Education,≤100
2007361039550045,"Center for Free, Fair, and Accountable Democracy","CENTER FOR FREE, FAIR, AND ACCOUNTABLE DEMOCRACY, INC.",≤100
270826723039149,The Coalition to Protect Americas National Parks,"COALITION OF NATIONAL PARK SERVICE RETIREES, INC.",≤100
105967227629739,Current Revolt,Current Revolt,≤100
183484875153093,Kim Monson Show,These ads ran without a disclaimer,≤100
113324620461903,brooklyn_jewelz_llc,These ads ran without a disclaimer,≤100
111131133551811,The Locke Society,Locke Society Inc,≤100
108143565283667,Coastal Quest,COASTAL QUEST,≤100
101890411955576,The Appalachian Podcast,William Benjamin Riddle,≤100
2831837216845452,"Derek Norton - Mayor, City of Smyrna",Derek Norton for Mayor,≤100
9812439851,IndyStar,These ads ran without a disclaimer,≤100
116388494782472,Litai Runyuan,These ads ran without a disclaimer,≤100
113361361726077,Steven Giordano for St. Lucie County Sheriff,These ads ran without a disclaimer,≤100
103629075847121,DIA,DIA LLC,≤100
1499191057075106,Chronic Disease Coalition,Chronic Disease Coalition,≤100
246633904835,First Unitarian Society of Milwaukee,FIRST UNITARIAN SOCIETY OF,≤100
98828483195,Safe Horizon,Safe Horizon,≤100
105348224679358,The Don't Unfriend Me Show,DONT UNFRIEND ME,≤100
109343231965723,Better PA Roads & Bridges,Better Pennsylvania Roads and Bridges,≤100
280351449345085,Tarrant County Commissioner Manny Ramirez,Manny Ramirez Campaign,≤100
103171994635775,Angela Alsobrooks,Alsobrooks for Senate,≤100
108288858743920,Save More Waste Less,These ads ran without a disclaimer,≤100
112420651829327,DeSantis 2024 Quotes Shirt - Make America Florida,world beater brands llc,≤100
234142976633158,Wake Up World & Smell the Coffee,Edith Dume Lerner,≤100
100246102706650,Milk+ SLC,These ads ran without a disclaimer,≤100
103555775884325,drsanamhafeez,These ads ran without a disclaimer,≤100
159964696102,Kevin McCarthy,KEVIN MCCARTHY FOR CONGRESS,≤100
406581453407625,Advance Minnesota Issue Advocacy,Advance Minnesota Issue Advocacy,≤100
2152371365037033,Aliados Adelante,AARP,≤100
602074469965571,Plan C,NATIONAL WOMENS HEALTH NETWORK,≤100
492785157402199,Cure Violence,These ads ran without a disclaimer,≤100
341163402640457,NowThis,These ads ran without a disclaimer,≤100
143784945647421,Death with Dignity,DEATH WITH DIGNITY NATIONAL CENTER,≤100
300476911222,Middlesex County Democratic Organization,Scott for Sheriff and Middlesex Dems 2022,≤100
109716011638325,Jane Fonda Climate PAC,JANE FONDA CLIMATE PAC,≤100
1677111425839949,American Promise,"AMERICAN PROMISE, INC.",≤100
67198072267,Michigan Capitol Confidential,Michigan Capitol Confidential,≤100
96315553086,Crop Insurance Keeps America Growing,Crop Insurance Keeps America Growing,≤100
1605295603062909,Hot Seat for Judges,Terri Lynn Day,≤100
293225127381200,Patriot Depot,The Patriot Depot,≤100
359477377917,American Federation for Children,American Federation for Children,≤100
109807943719796,Nothing Is Going To Get Better,Nothing Is Going To Get Better,≤100
110740242303537,CAVU,Climate Advocates Voces Unidas,≤100
126855128568,FEBC (Far East Broadcasting Company),"FAR EAST BROADCASTING COMPANY, INC.",≤100
69118604016,Carnegie Institution for Science,Carnegie Institution for Science,≤100
697228003708627,Neeta Bhushan,These ads ran without a disclaimer,≤100
304842759546695,Brooklyn Institute for Social Research,Brooklyn Institute for Social Research,≤100
485068924838758,EARN - Employer Assistance and Resource Network on Disability Inclusion,These ads ran without a disclaimer,≤100
278052172260101,ZERO TO THREE,ZERO TO THREE,≤100
123645354054377,hispanidad.translations,These ads ran without a disclaimer,≤100
47513434169,Z1079 Cleveland,These ads ran without a disclaimer,≤100
104527122606142,Dean Register for Desoto Clerk of Court,Dean Register,≤100
130234313704399,United We Dream,UNITED WE DREAM NETWORK INC,≤100
101901309495041,"Juvenile Court Injustices, Cuyahoga County Edition",Job Michael Lesko,≤100
104062973021500,Sony Group - Global,These ads ran without a disclaimer,≤100
228754857151053,House Majority PAC,HOUSE MAJORITY PAC,≤100
169597416843751,Stand Up America,Stand Up America,≤100
113918325306109,Dallas Holocaust and Human Rights Museum,DALLAS HOLOCAUST AND HUMAN RIGHTS MUSEUM,≤100
116218234689337,Congressman Robert Garcia,Office of Congressman Robert Garcia,≤100
107237032301505,Live Free or Die PAC,Live Free or Die PAC,≤100
607339103061292,Jody Owens Hinds County District Attorney,Friends of Jody Owens,≤100
16695101734,National Association of Social Workers,NATIONAL ASSOCIATION OF SOCIAL WORKERS,≤100
107040904715058,Bringing the Gospel,These ads ran without a disclaimer,≤100
9062006483,REI,"RECREATIONAL EQUIPMENT, INC.",≤100
174665813003584,Mission Partners for Christ,Mission Partners for Christ,≤100
105239511089757,Inmigrantes al Día,Inmigrantes al Dia,≤100
101581329115492,Freedom Street,Michael Scott Hughes,≤100
102791095200079,cosmiccults,These ads ran without a disclaimer,≤100
12301006942,Democratic Party,BIDEN VICTORY FUND,≤100
314311252514523,Congressman Pete Stauber,Congressman Pete Stauber,≤100
106095601125529,"Reaching Everyone In Distress Foundation, Inc.",Reaching Everyone in Distress Foundation Inc.,≤100
248389312777,AANA / American Association of Nurse Anesthesiology,American Association of Nurse Anesthetists,≤100
105451942439465,Sabina Covo for Miami,"Sabina Covo, Non-partisan, for City of Miami Commissioner, District 2",≤100
25121889784,Texas Public Policy Foundation,Texas Public Policy Foundation,≤100
102420431749179,Raging Americans,Tomer Barazani,≤100
103433804692809,Law Offices of James S. Hong & Associates,Law Offices of James S. Hong,≤100
53178635562,Third Way,THIRD WAY,≤100
86880509778,AARP North Carolina,AARP,≤100
107766235181961,The Nunn Report,The Nunn Report,≤100
104107455066450,Russell Cohen on moderation in public policy,Russell Cohen on moderation in public policy,≤100
102993012523555,Reparations United,Reparations United,≤100
105756057589080,The Lincoln Project,THE LINCOLN PROJECT,≤100
346612865750115,Korea Defense Veterans Association,Korea Defense Veterans Association,≤100
1752211025000504,Wynona's House Child Advocacy Center,Senator Wynona Lipman Child Advocacy Center,≤100
105572829186559,My Concealed Advocate,These ads ran without a disclaimer,≤100
1632814840319802,John Fetterman,Fetterman for PA,≤100
122401547841887,Cramer Products Inc.,These ads ran without a disclaimer,≤100
104614641200137,MeidasTouch,MEIDASTOUCH,≤100
350853689339623,strictly4daculture,These ads ran without a disclaimer,≤100
1949064322040283,Principles,"Principles, LLC",≤100
116350048079136,brown_sooshi,These ads ran without a disclaimer,≤100
203583423017526,National Immigration Law Center,National Immigration Law Center,≤100
78729341604,93.1 WZAK Cleveland,These ads ran without a disclaimer,≤100
773432316041673,Calvary South Austin,Calvary South Austin,≤100
135308650091,Community Service Society of New York,COMMUNITY SERVICE SOCIETY OF NEW YORK,≤100
100669759529540,Resist 46,Resist 46,≤100
100700519593180,"Buck Nasty Media. Sports, culture, politics, and the Nasty Truth",Robert Mattox,≤100
1654550184799326,RetireSafe,RetireSafe,≤100
971668776283950,PolicyEd,Hoover Institution,≤100
202843900735,1199SEIU Massachusetts,1199SEIU Massachusetts Political Action Fund,≤100
327853590558653,"Agri-Pulse Communications, Inc.","AGRI-PULSE COMMUNICATIONS, INC.",≤100
100692068471118,Explain America,Apse Media LLC,≤100
111806955195299,Wendy Davis for Congress,WENDY DAVIS FOR CONGRESS,≤100
105836542530091,Break The Silence against ABUSE,These ads ran without a disclaimer,≤100
487171741492128,Shane Wenzel - the Shane Homes Group of Companies,These ads ran without a disclaimer,≤100
207155053065038,Science.Sam,These ads ran without a disclaimer,≤100
1134334573310518,Testing Team,These ads ran without a disclaimer,≤100
109882947424940,پٹواریوں کا علاج,These ads ran without a disclaimer,≤100
113285095394604,Arizona's Catholic Tuition Support Organization (CTSO),These ads ran without a disclaimer,≤100
103895044564421,Cheryl N Hlabane,These ads ran without a disclaimer,≤100
108966378781674,newwaycomics,These ads ran without a disclaimer,≤100
127831886126123,Africa Health ExCon,These ads ran without a disclaimer,≤100